OrderKey,CustomerKey,StoreKey,OrderDate,DeliveryDate,CurrencyCode
87200,34488,60,2022-05-21,2022-05-21,AUD
87900,1938929,650,2022-05-28,2022-05-28,USD
88600,1518916,510,2022-06-04,2022-06-04,USD
89300,2048559,510,2022-06-11,2022-06-11,USD
90000,1374471,570,2022-06-18,2022-06-18,USD
90700,1792052,440,2022-06-25,2022-06-25,USD
91400,1032589,999999,2022-07-02,2022-07-08,GBP
92100,927522,420,2022-07-09,2022-07-09,GBP
92800,454057,255,2022-07-16,2022-07-16,EUR
95600,2014910,999999,2022-08-13,2022-08-19,USD
96300,1313627,590,2022-08-20,2022-08-20,USD
97000,1388962,610,2022-08-27,2022-08-27,USD
97700,786428,300,2022-09-03,2022-09-03,EUR
98400,918594,360,2022-09-10,2022-09-10,GBP
98900,1391373,999999,2022-09-15,2022-09-19,USD
99100,401214,210,2022-09-17,2022-09-17,EUR
99600,1969985,510,2022-09-22,2022-09-22,USD
99800,240811,999999,2022-09-24,2022-09-27,CAD
100300,1777491,585,2022-09-29,2022-09-29,USD
100500,174863,35,2022-10-01,2022-10-01,AUD
101000,1654941,440,2022-10-06,2022-10-06,USD
101200,1397380,610,2022-10-08,2022-10-08,USD
101700,1088856,420,2022-10-13,2022-10-13,GBP
101900,2082641,570,2022-10-15,2022-10-15,USD
102400,1070659,999999,2022-10-20,2022-10-24,GBP
102600,1253495,605,2022-10-22,2022-10-22,USD
103100,444240,240,2022-10-27,2022-10-27,EUR
103300,1613348,650,2022-10-29,2022-10-29,USD
103700,900574,380,2022-11-02,2022-11-02,GBP
103800,380807,999999,2022-11-03,2022-11-05,CAD
104000,863815,999999,2022-11-05,2022-11-11,EUR
104400,1052175,380,2022-11-09,2022-11-09,GBP
104500,1953768,500,2022-11-10,2022-11-10,USD
104700,965720,360,2022-11-12,2022-11-12,GBP
105100,579903,270,2022-11-16,2022-11-16,EUR
105200,2083695,540,2022-11-17,2022-11-17,USD
105400,1108706,370,2022-11-19,2022-11-19,GBP
105800,311967,90,2022-11-23,2022-11-23,CAD
105900,1985156,550,2022-11-24,2022-11-24,USD
106100,425972,220,2022-11-26,2022-11-26,EUR
106500,1763805,650,2022-11-30,2022-11-30,USD
106600,1315731,510,2022-12-01,2022-12-01,USD
106800,161712,60,2022-12-03,2022-12-03,AUD
107200,1574465,660,2022-12-07,2022-12-07,USD
107300,1225372,610,2022-12-08,2022-12-08,USD
107500,1432289,560,2022-12-10,2022-12-10,USD
107900,1733555,430,2022-12-14,2022-12-14,USD
108000,752954,999999,2022-12-15,2022-12-22,EUR
108200,2098401,999999,2022-12-17,2022-12-23,USD
108201,1936349,610,2022-12-17,2022-12-17,USD
108500,1799679,490,2022-12-20,2022-12-20,USD
108600,1300797,490,2022-12-21,2022-12-21,USD
108700,1199183,360,2022-12-22,2022-12-22,GBP
108701,1779086,540,2022-12-22,2022-12-22,USD
108800,68385,60,2022-12-23,2022-12-23,AUD
108900,1228838,610,2022-12-24,2022-12-24,USD
108901,20596,60,2022-12-24,2022-12-24,AUD
108902,1074938,370,2022-12-24,2022-12-24,GBP
109200,2025576,530,2022-12-27,2022-12-27,USD
109300,1965932,490,2022-12-28,2022-12-28,USD
109301,1862714,999999,2022-12-28,2023-01-01,USD
109400,557157,210,2022-12-29,2022-12-29,EUR
109401,873795,999999,2022-12-29,2023-01-03,EUR
109500,1741997,430,2022-12-30,2022-12-30,USD
109600,2045769,650,2022-12-31,2022-12-31,USD
109601,1836212,500,2022-12-31,2022-12-31,USD
109602,242273,100,2022-12-31,2022-12-31,CAD
109900,1880861,450,2023-01-03,2023-01-03,USD
110000,1048766,370,2023-01-04,2023-01-04,GBP
110100,1244271,480,2023-01-05,2023-01-05,USD
110101,1203706,670,2023-01-05,2023-01-05,USD
110200,1594436,500,2023-01-06,2023-01-06,USD
110300,995922,420,2023-01-07,2023-01-07,GBP
110301,441571,270,2023-01-07,2023-01-07,EUR
110700,474910,240,2023-01-11,2023-01-11,EUR
110800,1766386,670,2023-01-12,2023-01-12,USD
111000,1070044,360,2023-01-14,2023-01-14,GBP
111001,1614003,550,2023-01-14,2023-01-14,USD
111400,275372,999999,2023-01-18,2023-01-21,CAD
111500,1968036,450,2023-01-19,2023-01-19,USD
111700,484895,210,2023-01-21,2023-01-21,EUR
111701,1406739,570,2023-01-21,2023-01-21,USD
112100,2051390,590,2023-01-25,2023-01-25,USD
112200,1757639,490,2023-01-26,2023-01-26,USD
112400,153467,60,2023-01-28,2023-01-28,AUD
112401,711329,290,2023-01-28,2023-01-28,EUR
112800,1819698,610,2023-02-01,2023-02-01,USD
112900,1201842,530,2023-02-02,2023-02-02,USD
113100,1447520,530,2023-02-04,2023-02-04,USD
113101,203630,100,2023-02-04,2023-02-04,CAD
113500,1378905,650,2023-02-08,2023-02-08,USD
113600,754240,999999,2023-02-09,2023-02-12,EUR
113800,1542190,999999,2023-02-11,2023-02-14,USD
113801,85210,50,2023-02-11,2023-02-11,AUD
114000,428112,220,2023-02-13,2023-02-13,EUR
114100,1389973,470,2023-02-14,2023-02-14,USD
114101,863558,310,2023-02-14,2023-02-14,EUR
114200,1543304,480,2023-02-15,2023-02-15,USD
114201,1124864,360,2023-02-15,2023-02-15,GBP
114202,901250,360,2023-02-15,2023-02-15,GBP
114300,1136116,420,2023-02-16,2023-02-16,GBP
114301,409915,999999,2023-02-16,2023-02-21,EUR
114302,1638961,530,2023-02-16,2023-02-16,USD
114400,39520,50,2023-02-17,2023-02-17,AUD
114401,958315,400,2023-02-17,2023-02-17,GBP
114500,1472006,999999,2023-02-18,2023-02-25,USD
114501,1156406,420,2023-02-18,2023-02-18,GBP
114502,913388,420,2023-02-18,2023-02-18,GBP
114503,901010,420,2023-02-18,2023-02-18,GBP
114504,1294552,999999,2023-02-18,2023-02-23,USD
114700,376690,999999,2023-02-20,2023-02-24,CAD
114701,2020530,490,2023-02-20,2023-02-20,USD
114800,1651954,490,2023-02-21,2023-02-21,USD
114801,1945327,999999,2023-02-21,2023-02-24,USD
114900,1400736,450,2023-02-22,2023-02-22,USD
114901,2026046,999999,2023-02-22,2023-02-25,USD
114902,1858747,440,2023-02-22,2023-02-22,USD
115000,402802,190,2023-02-23,2023-02-23,EUR
115001,47227,50,2023-02-23,2023-02-23,AUD
115002,1633418,470,2023-02-23,2023-02-23,USD
115003,1796227,670,2023-02-23,2023-02-23,USD
115100,1212033,650,2023-02-24,2023-02-24,USD
115101,1968697,440,2023-02-24,2023-02-24,USD
115200,1808145,605,2023-02-25,2023-02-25,USD
115201,1624067,500,2023-02-25,2023-02-25,USD
115202,2074234,430,2023-02-25,2023-02-25,USD
115203,1996371,550,2023-02-25,2023-02-25,USD
115400,176308,40,2023-02-27,2023-02-27,AUD
115500,1967136,510,2023-02-28,2023-02-28,USD
115600,769734,999999,2023-03-01,2023-03-04,EUR
115700,263049,74,2023-03-02,2023-03-02,CAD
115900,1450146,650,2023-03-04,2023-03-04,USD
115901,1531071,440,2023-03-04,2023-03-04,USD
116200,1647815,550,2023-03-07,2023-03-07,USD
116300,1188419,380,2023-03-08,2023-03-08,GBP
116400,66289,35,2023-03-09,2023-03-09,AUD
116500,1514396,450,2023-03-10,2023-03-10,USD
116600,749643,300,2023-03-11,2023-03-11,EUR
116601,1386023,560,2023-03-11,2023-03-11,USD
117000,503738,230,2023-03-15,2023-03-15,EUR
117100,1919115,605,2023-03-16,2023-03-16,USD
117300,1162008,360,2023-03-18,2023-03-18,GBP
120800,1392056,590,2023-04-22,2023-04-22,USD
121200,1901873,570,2023-04-26,2023-04-26,USD
121300,660185,120,2023-04-27,2023-04-27,EUR
121500,1640225,999999,2023-04-29,2023-05-08,USD
121501,979195,400,2023-04-29,2023-04-29,GBP
121800,1356005,999999,2023-05-02,2023-05-05,USD
121900,837634,330,2023-05-03,2023-05-03,EUR
122000,554633,210,2023-05-04,2023-05-04,EUR
122001,1913802,550,2023-05-04,2023-05-04,USD
122100,1379656,570,2023-05-05,2023-05-05,USD
122200,1284707,480,2023-05-06,2023-05-06,USD
122201,1943800,610,2023-05-06,2023-05-06,USD
122500,1586858,560,2023-05-09,2023-05-09,USD
122600,929778,380,2023-05-10,2023-05-10,GBP
122700,63059,50,2023-05-11,2023-05-11,AUD
122701,106074,50,2023-05-11,2023-05-11,AUD
122800,1653617,470,2023-05-12,2023-05-12,USD
122900,788228,290,2023-05-13,2023-05-13,EUR
122901,934315,420,2023-05-13,2023-05-13,GBP
123200,1745055,590,2023-05-16,2023-05-16,USD
123300,600742,150,2023-05-17,2023-05-17,EUR
123301,2083708,590,2023-05-17,2023-05-17,USD
123400,1655183,480,2023-05-18,2023-05-18,USD
123401,1892579,570,2023-05-18,2023-05-18,USD
123500,1655701,500,2023-05-19,2023-05-19,USD
123600,984891,370,2023-05-20,2023-05-20,GBP
123601,1774023,450,2023-05-20,2023-05-20,USD
123900,781921,300,2023-05-23,2023-05-23,EUR
124000,249081,999999,2023-05-24,2023-05-27,CAD
124001,918284,999999,2023-05-24,2023-05-28,GBP
124100,2000911,610,2023-05-25,2023-05-25,USD
124101,1650290,999999,2023-05-25,2023-05-29,USD
124200,1538779,480,2023-05-26,2023-05-26,USD
124300,573038,220,2023-05-27,2023-05-27,EUR
124301,253262,74,2023-05-27,2023-05-27,CAD
124302,2015467,590,2023-05-27,2023-05-27,USD
124600,997401,420,2023-05-30,2023-05-30,GBP
124700,40718,50,2023-05-31,2023-05-31,AUD
124701,760604,300,2023-05-31,2023-05-31,EUR
124800,1735041,590,2023-06-01,2023-06-01,USD
124801,816219,340,2023-06-01,2023-06-01,EUR
124900,771484,300,2023-06-02,2023-06-02,EUR
125000,337117,80,2023-06-03,2023-06-03,CAD
125001,1050918,420,2023-06-03,2023-06-03,GBP
125002,238201,80,2023-06-03,2023-06-03,CAD
125300,503181,270,2023-06-06,2023-06-06,EUR
125400,1532295,650,2023-06-07,2023-06-07,USD
125401,1119275,999999,2023-06-07,2023-06-12,GBP
125500,1434849,610,2023-06-08,2023-06-08,USD
125501,916301,380,2023-06-08,2023-06-08,GBP
125600,1031762,390,2023-06-09,2023-06-09,GBP
125700,157002,40,2023-06-10,2023-06-10,AUD
125701,1602581,650,2023-06-10,2023-06-10,USD
125702,18700,10,2023-06-10,2023-06-10,AUD
126000,321448,999999,2023-06-13,2023-06-15,CAD
126100,1426109,550,2023-06-14,2023-06-14,USD
126101,1693845,999999,2023-06-14,2023-06-16,USD
126200,1353019,650,2023-06-15,2023-06-15,USD
126201,1310484,570,2023-06-15,2023-06-15,USD
126300,532782,260,2023-06-16,2023-06-16,EUR
126400,1993137,610,2023-06-17,2023-06-17,USD
126401,1539856,999999,2023-06-17,2023-06-22,USD
126402,838437,320,2023-06-17,2023-06-17,EUR
126700,1746619,670,2023-06-20,2023-06-20,USD
126800,1567756,450,2023-06-21,2023-06-21,USD
126801,1336719,510,2023-06-21,2023-06-21,USD
126900,767850,290,2023-06-22,2023-06-22,EUR
126901,402713,210,2023-06-22,2023-06-22,EUR
127000,225984,100,2023-06-23,2023-06-23,CAD
127100,1865817,430,2023-06-24,2023-06-24,USD
127101,765949,999999,2023-06-24,2023-06-25,EUR
127102,1318957,670,2023-06-24,2023-06-24,USD
127300,518220,270,2023-06-26,2023-06-26,EUR
127400,1512011,510,2023-06-27,2023-06-27,USD
127500,1649134,490,2023-06-28,2023-06-28,USD
127501,1601298,999999,2023-06-28,2023-06-30,USD
127600,1062797,360,2023-06-29,2023-06-29,GBP
127601,2003416,660,2023-06-29,2023-06-29,USD
127700,1247464,670,2023-06-30,2023-06-30,USD
127800,1779187,650,2023-07-01,2023-07-01,USD
127801,2013933,450,2023-07-01,2023-07-01,USD
127802,226154,80,2023-07-01,2023-07-01,CAD
128000,384164,999999,2023-07-03,2023-07-05,CAD
128100,1771208,550,2023-07-04,2023-07-04,USD
128200,1426108,999999,2023-07-05,2023-07-10,USD
128201,388899,90,2023-07-05,2023-07-05,CAD
128300,496753,230,2023-07-06,2023-07-06,EUR
128301,227198,100,2023-07-06,2023-07-06,CAD
128400,1200222,450,2023-07-07,2023-07-07,USD
128500,1527702,670,2023-07-08,2023-07-08,USD
128501,401296,999999,2023-07-08,2023-07-13,EUR
128502,1795025,500,2023-07-08,2023-07-08,USD
128700,1539481,605,2023-07-10,2023-07-10,USD
128800,1678245,570,2023-07-11,2023-07-11,USD
128900,1081171,999999,2023-07-12,2023-07-14,GBP
128901,1573459,590,2023-07-12,2023-07-12,USD
129000,366362,80,2023-07-13,2023-07-13,CAD
129001,1024956,420,2023-07-13,2023-07-13,GBP
129100,1533202,999999,2023-07-14,2023-07-21,USD
129200,1328836,430,2023-07-15,2023-07-15,USD
129201,958963,999999,2023-07-15,2023-07-17,GBP
129202,210839,999999,2023-07-15,2023-07-18,CAD
129400,2064516,620,2023-07-17,2023-07-17,USD
129500,1629095,620,2023-07-18,2023-07-18,USD
129600,939412,390,2023-07-19,2023-07-19,GBP
129601,2000397,585,2023-07-19,2023-07-19,USD
129700,1369494,540,2023-07-20,2023-07-20,USD
129701,1642182,490,2023-07-20,2023-07-20,USD
129800,1661863,510,2023-07-21,2023-07-21,USD
129900,992082,390,2023-07-22,2023-07-22,GBP
129901,1511256,999999,2023-07-22,2023-07-28,USD
130300,482615,220,2023-07-26,2023-07-26,EUR
130400,1493013,570,2023-07-27,2023-07-27,USD
130600,960242,380,2023-07-29,2023-07-29,GBP
131100,1905780,999999,2023-08-03,2023-08-08,USD
131300,471974,999999,2023-08-05,2023-08-11,EUR
131301,1521593,480,2023-08-05,2023-08-05,USD
131600,609557,120,2023-08-08,2023-08-08,EUR
131700,1622571,670,2023-08-09,2023-08-09,USD
131701,1459344,550,2023-08-09,2023-08-09,USD
131800,1527880,620,2023-08-10,2023-08-10,USD
131801,904968,390,2023-08-10,2023-08-10,GBP
131900,1134379,400,2023-08-11,2023-08-11,GBP
132000,100716,999999,2023-08-12,2023-08-17,AUD
132001,1263109,590,2023-08-12,2023-08-12,USD
132002,810600,340,2023-08-12,2023-08-12,EUR
132200,850340,999999,2023-08-14,2023-08-19,EUR
132300,591915,190,2023-08-15,2023-08-15,EUR
132400,1532858,440,2023-08-16,2023-08-16,USD
132401,750251,290,2023-08-16,2023-08-16,EUR
132500,1550140,660,2023-08-17,2023-08-17,USD
132501,57221,999999,2023-08-17,2023-08-21,AUD
132600,696570,170,2023-08-18,2023-08-18,EUR
132700,1561683,590,2023-08-19,2023-08-19,USD
132701,391088,80,2023-08-19,2023-08-19,CAD
132702,1573899,440,2023-08-19,2023-08-19,USD
132900,1087449,380,2023-08-21,2023-08-21,GBP
133000,189727,50,2023-08-22,2023-08-22,AUD
133100,1803136,999999,2023-08-23,2023-08-29,USD
133101,773867,300,2023-08-23,2023-08-23,EUR
133200,739314,290,2023-08-24,2023-08-24,EUR
133201,835873,340,2023-08-24,2023-08-24,EUR
133300,271457,999999,2023-08-25,2023-08-30,CAD
133400,1996848,610,2023-08-26,2023-08-26,USD
133401,1756043,480,2023-08-26,2023-08-26,USD
133402,1696138,620,2023-08-26,2023-08-26,USD
133600,587955,270,2023-08-28,2023-08-28,EUR
133700,1687648,570,2023-08-29,2023-08-29,USD
133800,1444276,500,2023-08-30,2023-08-30,USD
133801,1729120,999999,2023-08-30,2023-09-04,USD
133900,958849,370,2023-08-31,2023-08-31,GBP
133901,1645155,570,2023-08-31,2023-08-31,USD
134000,165793,35,2023-09-01,2023-09-01,AUD
134100,1259279,660,2023-09-02,2023-09-02,USD
134101,1306505,560,2023-09-02,2023-09-02,USD
134102,560681,190,2023-09-02,2023-09-02,EUR
134300,259525,80,2023-09-04,2023-09-04,CAD
134400,1433423,999999,2023-09-05,2023-09-10,USD
134500,1962858,530,2023-09-06,2023-09-06,USD
134501,744960,300,2023-09-06,2023-09-06,EUR
134600,420916,220,2023-09-07,2023-09-07,EUR
134601,2026043,530,2023-09-07,2023-09-07,USD
134700,1456043,470,2023-09-08,2023-09-08,USD
134800,1338897,490,2023-09-09,2023-09-09,USD
134801,1349275,620,2023-09-09,2023-09-09,USD
134802,254444,999999,2023-09-09,2023-09-11,CAD
135000,92227,50,2023-09-11,2023-09-11,AUD
135100,1514420,999999,2023-09-12,2023-09-18,USD
135200,794668,300,2023-09-13,2023-09-13,EUR
135201,273121,999999,2023-09-13,2023-09-20,CAD
135300,227917,999999,2023-09-14,2023-09-21,CAD
135301,1217668,530,2023-09-14,2023-09-14,USD
135400,1369584,500,2023-09-15,2023-09-15,USD
135500,1482365,470,2023-09-16,2023-09-16,USD
135501,515387,190,2023-09-16,2023-09-16,EUR
135502,1031923,390,2023-09-16,2023-09-16,GBP
135700,1525395,660,2023-09-18,2023-09-18,USD
135800,1402500,610,2023-09-19,2023-09-19,USD
135901,1240534,660,2023-09-20,2023-09-20,USD
136000,4980,40,2023-09-21,2023-09-21,AUD
136001,1062216,420,2023-09-21,2023-09-21,GBP
136002,1408752,660,2023-09-21,2023-09-21,USD
136100,1493427,530,2023-09-22,2023-09-22,USD
136200,749068,999999,2023-09-23,2023-09-29,EUR
136201,1685933,999999,2023-09-23,2023-09-28,USD
136202,1472038,605,2023-09-23,2023-09-23,USD
136400,1549835,999999,2023-09-25,2023-09-26,USD
136500,1849511,650,2023-09-26,2023-09-26,USD
136600,555294,240,2023-09-27,2023-09-27,EUR
136601,902439,360,2023-09-27,2023-09-27,GBP
136700,1864562,610,2023-09-28,2023-09-28,USD
136701,1460128,590,2023-09-28,2023-09-28,USD
136702,1354102,470,2023-09-28,2023-09-28,USD
136800,1636519,550,2023-09-29,2023-09-29,USD
136900,1107686,380,2023-09-30,2023-09-30,GBP
136901,1902864,999999,2023-09-30,2023-10-02,USD
136902,1362087,440,2023-09-30,2023-09-30,USD
137100,1698754,470,2023-10-02,2023-10-02,USD
137200,763836,290,2023-10-03,2023-10-03,EUR
137300,299896,999999,2023-10-04,2023-10-10,CAD
137301,1446031,660,2023-10-04,2023-10-04,USD
137400,1668758,610,2023-10-05,2023-10-05,USD
137401,1959164,450,2023-10-05,2023-10-05,USD
137402,817115,340,2023-10-05,2023-10-05,EUR
137500,1217089,999999,2023-10-06,2023-10-13,USD
137600,410822,240,2023-10-07,2023-10-07,EUR
137601,2010427,999999,2023-10-07,2023-10-10,USD
137602,215735,100,2023-10-07,2023-10-07,CAD
137800,1833142,490,2023-10-09,2023-10-09,USD
137900,980319,999999,2023-10-10,2023-10-14,GBP
138000,1871547,430,2023-10-11,2023-10-11,USD
138001,680991,130,2023-10-11,2023-10-11,EUR
138100,1786431,650,2023-10-12,2023-10-12,USD
138101,438460,190,2023-10-12,2023-10-12,EUR
138102,583658,210,2023-10-12,2023-10-12,EUR
138200,997942,999999,2023-10-13,2023-10-18,GBP
138300,340042,90,2023-10-14,2023-10-14,CAD
138301,461487,270,2023-10-14,2023-10-14,EUR
138302,1743409,550,2023-10-14,2023-10-14,USD
138303,1294853,450,2023-10-14,2023-10-14,USD
138500,1520795,440,2023-10-16,2023-10-16,USD
138600,519345,240,2023-10-17,2023-10-17,EUR
138700,1612465,450,2023-10-18,2023-10-18,USD
138701,1946630,450,2023-10-18,2023-10-18,USD
138800,1330738,670,2023-10-19,2023-10-19,USD
138801,2009730,585,2023-10-19,2023-10-19,USD
138802,2040401,540,2023-10-19,2023-10-19,USD
138900,1035851,420,2023-10-20,2023-10-20,GBP
139000,1552720,605,2023-10-21,2023-10-21,USD
139001,1472377,999999,2023-10-21,2023-10-22,USD
139002,452897,240,2023-10-21,2023-10-21,EUR
139003,638857,999999,2023-10-21,2023-10-25,EUR
139200,1092024,380,2023-10-23,2023-10-23,GBP
139300,252394,999999,2023-10-24,2023-10-29,CAD
139400,1815149,490,2023-10-25,2023-10-25,USD
139401,2081572,999999,2023-10-25,2023-10-28,USD
139500,1213449,670,2023-10-26,2023-10-26,USD
139501,2084437,510,2023-10-26,2023-10-26,USD
139502,1726370,480,2023-10-26,2023-10-26,USD
139600,560955,270,2023-10-27,2023-10-27,EUR
139700,1892979,999999,2023-10-28,2023-11-01,USD
139701,249557,90,2023-10-28,2023-10-28,CAD
139702,238613,80,2023-10-28,2023-10-28,CAD
139703,1642866,999999,2023-10-28,2023-11-01,USD
139900,1049937,380,2023-10-30,2023-10-30,GBP
140000,1272259,550,2023-10-31,2023-10-31,USD
140100,1221820,510,2023-11-01,2023-11-01,USD
140101,1636451,450,2023-11-01,2023-11-01,USD
140200,1075884,400,2023-11-02,2023-11-02,GBP
140201,342107,74,2023-11-02,2023-11-02,CAD
140202,919617,390,2023-11-02,2023-11-02,GBP
140300,209599,74,2023-11-03,2023-11-03,CAD
140301,1907431,590,2023-11-03,2023-11-03,USD
140400,1443702,999999,2023-11-04,2023-11-10,USD
140401,778072,999999,2023-11-04,2023-11-07,EUR
140402,1400767,540,2023-11-04,2023-11-04,USD
140403,1290363,999999,2023-11-04,2023-11-07,USD
140600,514807,999999,2023-11-06,2023-11-10,EUR
140700,1535231,570,2023-11-07,2023-11-07,USD
140701,404596,255,2023-11-07,2023-11-07,EUR
140800,1846704,450,2023-11-08,2023-11-08,USD
140801,1231162,650,2023-11-08,2023-11-08,USD
140900,639815,170,2023-11-09,2023-11-09,EUR
140901,421855,999999,2023-11-09,2023-11-15,EUR
140902,932313,999999,2023-11-09,2023-11-12,GBP
141000,1900922,480,2023-11-10,2023-11-10,USD
141001,601622,999999,2023-11-10,2023-11-14,EUR
141100,1516205,450,2023-11-11,2023-11-11,USD
141101,335597,100,2023-11-11,2023-11-11,CAD
141102,472439,255,2023-11-11,2023-11-11,EUR
141103,1273146,605,2023-11-11,2023-11-11,USD
141300,295755,999999,2023-11-13,2023-11-16,CAD
141400,1961748,560,2023-11-14,2023-11-14,USD
141401,1547340,650,2023-11-14,2023-11-14,USD
141500,866266,999999,2023-11-15,2023-11-18,EUR
141501,199488,35,2023-11-15,2023-11-15,AUD
141600,580862,230,2023-11-16,2023-11-16,EUR
141601,185912,999999,2023-11-16,2023-11-20,AUD
141602,1724058,999999,2023-11-16,2023-11-19,USD
141700,1220956,510,2023-11-17,2023-11-17,USD
141701,247432,100,2023-11-17,2023-11-17,CAD
141800,1709190,650,2023-11-18,2023-11-18,USD
141801,1541803,480,2023-11-18,2023-11-18,USD
141802,1442753,999999,2023-11-18,2023-11-22,USD
141803,1862540,510,2023-11-18,2023-11-18,USD
142000,1639924,670,2023-11-20,2023-11-20,USD
142100,1595828,999999,2023-11-21,2023-11-23,USD
142101,1365543,650,2023-11-21,2023-11-21,USD
142200,932824,400,2023-11-22,2023-11-22,GBP
142201,1782801,570,2023-11-22,2023-11-22,USD
142300,180,50,2023-11-23,2023-11-23,AUD
142301,72324,50,2023-11-23,2023-11-23,AUD
142302,1221227,470,2023-11-23,2023-11-23,USD
142400,1677673,999999,2023-11-24,2023-11-29,USD
142401,1695001,999999,2023-11-24,2023-11-28,USD
142500,834091,340,2023-11-25,2023-11-25,EUR
142501,923265,390,2023-11-25,2023-11-25,GBP
142502,962933,370,2023-11-25,2023-11-25,GBP
142503,557448,255,2023-11-25,2023-11-25,EUR
142700,1908070,440,2023-11-27,2023-11-27,USD
142800,1517137,670,2023-11-28,2023-11-28,USD
142801,322864,80,2023-11-28,2023-11-28,CAD
142900,639368,170,2023-11-29,2023-11-29,EUR
142901,1489983,590,2023-11-29,2023-11-29,USD
142902,1923631,620,2023-11-29,2023-11-29,USD
143000,1868542,590,2023-11-30,2023-11-30,USD
143001,1342039,590,2023-11-30,2023-11-30,USD
143002,1347266,590,2023-11-30,2023-11-30,USD
143100,1449109,570,2023-12-01,2023-12-01,USD
143101,1349794,540,2023-12-01,2023-12-01,USD
143200,1057068,380,2023-12-02,2023-12-02,GBP
143201,2071266,550,2023-12-02,2023-12-02,USD
143202,931768,380,2023-12-02,2023-12-02,GBP
143203,1093437,420,2023-12-02,2023-12-02,GBP
143400,1469097,440,2023-12-04,2023-12-04,USD
143500,835964,999999,2023-12-05,2023-12-07,EUR
143501,900377,400,2023-12-05,2023-12-05,GBP
143600,378745,100,2023-12-06,2023-12-06,CAD
143601,543591,230,2023-12-06,2023-12-06,EUR
143602,1095503,390,2023-12-06,2023-12-06,GBP
143700,1626481,999999,2023-12-07,2023-12-09,USD
143701,2066462,500,2023-12-07,2023-12-07,USD
143702,1848822,450,2023-12-07,2023-12-07,USD
143800,1797363,590,2023-12-08,2023-12-08,USD
143801,1829768,620,2023-12-08,2023-12-08,USD
143900,477895,240,2023-12-09,2023-12-09,EUR
143901,932425,380,2023-12-09,2023-12-09,GBP
143902,1970810,450,2023-12-09,2023-12-09,USD
143903,821962,320,2023-12-09,2023-12-09,EUR
144100,1596223,500,2023-12-11,2023-12-11,USD
144200,987913,370,2023-12-12,2023-12-12,GBP
144201,411533,999999,2023-12-12,2023-12-14,EUR
144300,19750,10,2023-12-13,2023-12-13,AUD
144301,1902555,610,2023-12-13,2023-12-13,USD
144302,2077552,560,2023-12-13,2023-12-13,USD
144400,1758977,999999,2023-12-14,2023-12-19,USD
144401,1334423,480,2023-12-14,2023-12-14,USD
144402,2091179,999999,2023-12-14,2023-12-19,USD
144500,733408,300,2023-12-15,2023-12-15,EUR
144501,1236626,605,2023-12-15,2023-12-15,USD
144600,281424,80,2023-12-16,2023-12-16,CAD
144601,1088272,999999,2023-12-16,2023-12-18,GBP
144602,169617,10,2023-12-16,2023-12-16,AUD
144603,1381818,620,2023-12-16,2023-12-16,USD
144604,2018528,999999,2023-12-16,2023-12-19,USD
144800,1759059,540,2023-12-18,2023-12-18,USD
144801,9082,10,2023-12-18,2023-12-18,AUD
144900,424955,220,2023-12-19,2023-12-19,EUR
144901,1813531,999999,2023-12-19,2023-12-23,USD
145000,1490358,470,2023-12-20,2023-12-20,USD
145001,344829,999999,2023-12-20,2023-12-22,CAD
145002,1851327,570,2023-12-20,2023-12-20,USD
145003,1093307,400,2023-12-20,2023-12-20,GBP
145100,1826781,490,2023-12-21,2023-12-21,USD
145101,250535,90,2023-12-21,2023-12-21,CAD
145102,589149,999999,2023-12-21,2023-12-22,EUR
145103,1789093,510,2023-12-21,2023-12-21,USD
145200,937610,420,2023-12-22,2023-12-22,GBP
145201,224981,100,2023-12-22,2023-12-22,CAD
145202,667167,130,2023-12-22,2023-12-22,EUR
145300,65345,60,2023-12-23,2023-12-23,AUD
145301,1852096,510,2023-12-23,2023-12-23,USD
145302,1917307,530,2023-12-23,2023-12-23,USD
145303,1047373,999999,2023-12-23,2023-12-29,GBP
145304,1493181,550,2023-12-23,2023-12-23,USD
145305,1948410,620,2023-12-23,2023-12-23,USD
145500,779653,999999,2023-12-25,2023-12-28,EUR
145501,21696,50,2023-12-25,2023-12-25,AUD
145600,203268,80,2023-12-26,2023-12-26,CAD
145601,807579,340,2023-12-26,2023-12-26,EUR
145602,1873550,620,2023-12-26,2023-12-26,USD
145700,2093193,999999,2023-12-27,2023-12-30,USD
145701,1262704,999999,2023-12-27,2024-01-01,USD
145702,1230931,560,2023-12-27,2023-12-27,USD
145703,188089,10,2023-12-27,2023-12-27,AUD
145800,1278688,470,2023-12-28,2023-12-28,USD
145801,323975,999999,2023-12-28,2024-01-02,CAD
145802,499393,210,2023-12-28,2023-12-28,EUR
145803,945252,390,2023-12-28,2023-12-28,GBP
145804,75806,40,2023-12-28,2023-12-28,AUD
145900,405197,190,2023-12-29,2023-12-29,EUR
145901,402717,270,2023-12-29,2023-12-29,EUR
145902,285461,999999,2023-12-29,2024-01-03,CAD
146000,1768669,660,2023-12-30,2023-12-30,USD
146001,1281384,999999,2023-12-30,2024-01-03,USD
146002,1784672,450,2023-12-30,2023-12-30,USD
146003,1200493,450,2023-12-30,2023-12-30,USD
146004,41312,999999,2023-12-30,2024-01-03,AUD
146005,1841838,550,2023-12-30,2023-12-30,USD
146200,443303,240,2024-01-01,2024-01-01,EUR
146201,1547429,999999,2024-01-01,2024-01-02,USD
146300,1667071,540,2024-01-02,2024-01-02,USD
146301,508776,260,2024-01-02,2024-01-02,EUR
146302,1315592,510,2024-01-02,2024-01-02,USD
146400,1555399,450,2024-01-03,2024-01-03,USD
146401,1529739,650,2024-01-03,2024-01-03,USD
146402,966772,380,2024-01-03,2024-01-03,GBP
146403,718330,290,2024-01-03,2024-01-03,EUR
146500,698071,130,2024-01-04,2024-01-04,EUR
146501,635622,170,2024-01-04,2024-01-04,EUR
146502,257438,100,2024-01-04,2024-01-04,CAD
146503,1302995,430,2024-01-04,2024-01-04,USD
146600,1316860,440,2024-01-05,2024-01-05,USD
146601,1894226,480,2024-01-05,2024-01-05,USD
146700,2027430,500,2024-01-06,2024-01-06,USD
146701,938464,400,2024-01-06,2024-01-06,GBP
146702,1733555,440,2024-01-06,2024-01-06,USD
146703,1218083,999999,2024-01-06,2024-01-10,USD
146704,262109,90,2024-01-06,2024-01-06,CAD
146900,375036,74,2024-01-08,2024-01-08,CAD
147000,1759501,570,2024-01-09,2024-01-09,USD
147001,686230,180,2024-01-09,2024-01-09,EUR
147100,813208,999999,2024-01-10,2024-01-14,EUR
147101,1536539,650,2024-01-10,2024-01-10,USD
147102,750306,999999,2024-01-10,2024-01-14,EUR
147200,543081,220,2024-01-11,2024-01-11,EUR
147201,892817,999999,2024-01-11,2024-01-13,EUR
147202,1382543,500,2024-01-11,2024-01-11,USD
147300,1947282,480,2024-01-12,2024-01-12,USD
147301,936224,360,2024-01-12,2024-01-12,GBP
147400,1284928,550,2024-01-13,2024-01-13,USD
147401,260411,90,2024-01-13,2024-01-13,CAD
147402,1084139,400,2024-01-13,2024-01-13,GBP
147403,1603007,999999,2024-01-13,2024-01-17,USD
147600,1562249,620,2024-01-15,2024-01-15,USD
147700,1775335,590,2024-01-16,2024-01-16,USD
147701,328575,999999,2024-01-16,2024-01-19,CAD
147800,968812,390,2024-01-17,2024-01-17,GBP
147801,1600847,999999,2024-01-17,2024-01-22,USD
147802,121335,50,2024-01-17,2024-01-17,AUD
147900,51810,50,2024-01-18,2024-01-18,AUD
147901,125165,35,2024-01-18,2024-01-18,AUD
147902,1310765,670,2024-01-18,2024-01-18,USD
148000,1817096,999999,2024-01-19,2024-01-22,USD
148001,2028707,999999,2024-01-19,2024-01-23,USD
148100,838710,310,2024-01-20,2024-01-20,EUR
148101,509877,240,2024-01-20,2024-01-20,EUR
148102,2033110,540,2024-01-20,2024-01-20,USD
148103,868625,330,2024-01-20,2024-01-20,EUR
148300,1774399,660,2024-01-22,2024-01-22,USD
148400,1819571,620,2024-01-23,2024-01-23,USD
148401,1241987,605,2024-01-23,2024-01-23,USD
148500,696007,160,2024-01-24,2024-01-24,EUR
148501,1012858,370,2024-01-24,2024-01-24,GBP
148502,2086888,500,2024-01-24,2024-01-24,USD
148600,2062191,560,2024-01-25,2024-01-25,USD
148601,1908384,450,2024-01-25,2024-01-25,USD
148602,1451909,510,2024-01-25,2024-01-25,USD
148700,1240592,540,2024-01-26,2024-01-26,USD
148701,1411234,605,2024-01-26,2024-01-26,USD
148800,1057444,400,2024-01-27,2024-01-27,GBP
148801,2027257,999999,2024-01-27,2024-02-02,USD
148802,260465,100,2024-01-27,2024-01-27,CAD
148803,1097082,999999,2024-01-27,2024-01-31,GBP
149000,1816986,585,2024-01-29,2024-01-29,USD
149100,824037,999999,2024-01-30,2024-02-03,EUR
149101,1537193,585,2024-01-30,2024-01-30,USD
149200,398347,100,2024-01-31,2024-01-31,CAD
149201,1770996,999999,2024-01-31,2024-02-07,USD
149202,623789,150,2024-01-31,2024-01-31,EUR
149300,1973787,590,2024-02-01,2024-02-01,USD
149301,1145976,370,2024-02-01,2024-02-01,GBP
149302,1041825,380,2024-02-01,2024-02-01,GBP
149400,1208542,560,2024-02-02,2024-02-02,USD
149401,147906,40,2024-02-02,2024-02-02,AUD
149500,463455,230,2024-02-03,2024-02-03,EUR
149501,13257,50,2024-02-03,2024-02-03,AUD
149502,1584259,480,2024-02-03,2024-02-03,USD
149503,1348616,470,2024-02-03,2024-02-03,USD
149700,1845837,470,2024-02-05,2024-02-05,USD
149800,1048113,360,2024-02-06,2024-02-06,GBP
149801,1057715,360,2024-02-06,2024-02-06,GBP
149900,2661,60,2024-02-07,2024-02-07,AUD
149901,1135463,420,2024-02-07,2024-02-07,GBP
149902,1343197,620,2024-02-07,2024-02-07,USD
150000,1639468,999999,2024-02-08,2024-02-11,USD
150001,1422734,605,2024-02-08,2024-02-08,USD
150002,1735227,570,2024-02-08,2024-02-08,USD
150100,745909,300,2024-02-09,2024-02-09,EUR
150101,1218144,650,2024-02-09,2024-02-09,USD
150200,349085,74,2024-02-10,2024-02-10,CAD
150201,1893241,490,2024-02-10,2024-02-10,USD
150202,1661543,490,2024-02-10,2024-02-10,USD
150203,314093,999999,2024-02-10,2024-02-16,CAD
150400,1440239,999999,2024-02-12,2024-02-16,USD
150401,1043373,420,2024-02-12,2024-02-12,GBP
150500,489429,255,2024-02-13,2024-02-13,EUR
150501,1813501,999999,2024-02-13,2024-02-15,USD
150502,1653789,480,2024-02-13,2024-02-13,USD
150600,1555621,430,2024-02-14,2024-02-14,USD
150601,388138,90,2024-02-14,2024-02-14,CAD
150602,2047459,500,2024-02-14,2024-02-14,USD
150603,1433950,999999,2024-02-14,2024-02-15,USD
150604,1548244,450,2024-02-14,2024-02-14,USD
150700,1775855,480,2024-02-15,2024-02-15,USD
150701,242307,80,2024-02-15,2024-02-15,CAD
150702,2023727,610,2024-02-15,2024-02-15,USD
150703,293804,90,2024-02-15,2024-02-15,CAD
150704,795483,290,2024-02-15,2024-02-15,EUR
150705,699497,170,2024-02-15,2024-02-15,EUR
150800,1013128,370,2024-02-16,2024-02-16,GBP
150801,92150,35,2024-02-16,2024-02-16,AUD
150802,1130117,999999,2024-02-16,2024-02-20,GBP
150803,472947,240,2024-02-16,2024-02-16,EUR
150900,150456,50,2024-02-17,2024-02-17,AUD
150901,371757,100,2024-02-17,2024-02-17,CAD
150902,1352546,450,2024-02-17,2024-02-17,USD
150903,536499,999999,2024-02-17,2024-02-23,EUR
150904,1725627,530,2024-02-17,2024-02-17,USD
150905,1211754,620,2024-02-17,2024-02-17,USD
150906,1869528,999999,2024-02-17,2024-02-19,USD
150907,394299,999999,2024-02-17,2024-02-25,CAD
150908,962462,390,2024-02-17,2024-02-17,GBP
151100,705969,999999,2024-02-19,2024-02-21,EUR
151101,587446,210,2024-02-19,2024-02-19,EUR
151102,2020983,650,2024-02-19,2024-02-19,USD
151103,487833,270,2024-02-19,2024-02-19,EUR
151200,241530,80,2024-02-20,2024-02-20,CAD
151201,2003523,620,2024-02-20,2024-02-20,USD
151202,1080631,420,2024-02-20,2024-02-20,GBP
151203,1598337,570,2024-02-20,2024-02-20,USD
151204,1109283,390,2024-02-20,2024-02-20,GBP
151300,1393655,999999,2024-02-21,2024-02-25,USD
151301,1750903,610,2024-02-21,2024-02-21,USD
151302,812652,999999,2024-02-21,2024-02-22,EUR
151303,1243659,490,2024-02-21,2024-02-21,USD
151304,1055970,390,2024-02-21,2024-02-21,GBP
151305,1987502,540,2024-02-21,2024-02-21,USD
151306,1669174,500,2024-02-21,2024-02-21,USD
151400,1409017,430,2024-02-22,2024-02-22,USD
151401,1402848,440,2024-02-22,2024-02-22,USD
151402,1422145,480,2024-02-22,2024-02-22,USD
151403,1457732,999999,2024-02-22,2024-02-25,USD
151404,1027231,360,2024-02-22,2024-02-22,GBP
151405,1982753,570,2024-02-22,2024-02-22,USD
151406,456041,230,2024-02-22,2024-02-22,EUR
151500,461674,270,2024-02-23,2024-02-23,EUR
151501,1231683,999999,2024-02-23,2024-02-25,USD
151502,1339392,999999,2024-02-23,2024-02-26,USD
151503,1078696,420,2024-02-23,2024-02-23,GBP
151504,1496954,999999,2024-02-23,2024-02-28,USD
151600,1217929,610,2024-02-24,2024-02-24,USD
151601,1348577,605,2024-02-24,2024-02-24,USD
151602,1098873,380,2024-02-24,2024-02-24,GBP
151603,1421135,450,2024-02-24,2024-02-24,USD
151604,748299,290,2024-02-24,2024-02-24,EUR
151605,1154379,370,2024-02-24,2024-02-24,GBP
151606,1058059,360,2024-02-24,2024-02-24,GBP
151607,1494776,440,2024-02-24,2024-02-24,USD
151800,905326,390,2024-02-26,2024-02-26,GBP
151801,2034459,500,2024-02-26,2024-02-26,USD
151802,1705650,585,2024-02-26,2024-02-26,USD
151900,52079,50,2024-02-27,2024-02-27,AUD
151901,1471601,590,2024-02-27,2024-02-27,USD
151902,316844,999999,2024-02-27,2024-03-02,CAD
152000,1221137,999999,2024-02-28,2024-03-01,USD
152001,1051264,370,2024-02-28,2024-02-28,GBP
152002,1453584,610,2024-02-28,2024-02-28,USD
152003,1791749,999999,2024-02-28,2024-03-04,USD
152100,710558,290,2024-02-29,2024-02-29,EUR
152101,1533202,430,2024-02-29,2024-02-29,USD
152102,405197,220,2024-02-29,2024-02-29,EUR
152103,1711405,590,2024-02-29,2024-02-29,USD
152200,222289,999999,2024-03-01,2024-03-02,CAD
152201,239615,74,2024-03-01,2024-03-01,CAD
152300,2017913,570,2024-03-02,2024-03-02,USD
152301,1818317,560,2024-03-02,2024-03-02,USD
152302,1670820,550,2024-03-02,2024-03-02,USD
152303,1495184,999999,2024-03-02,2024-03-07,USD
152500,433710,255,2024-03-04,2024-03-04,EUR
152600,1902372,610,2024-03-05,2024-03-05,USD
152601,1312640,550,2024-03-05,2024-03-05,USD
152700,1305490,480,2024-03-06,2024-03-06,USD
152701,1575656,999999,2024-03-06,2024-03-09,USD
152702,1842761,999999,2024-03-06,2024-03-09,USD
152800,1118736,370,2024-03-07,2024-03-07,GBP
152801,1887693,999999,2024-03-07,2024-03-12,USD
152802,817949,320,2024-03-07,2024-03-07,EUR
152900,1673218,450,2024-03-08,2024-03-08,USD
152901,1621481,430,2024-03-08,2024-03-08,USD
153000,1324484,430,2024-03-09,2024-03-09,USD
153001,1520539,500,2024-03-09,2024-03-09,USD
153002,8450,35,2024-03-09,2024-03-09,AUD
153003,987212,400,2024-03-09,2024-03-09,GBP
153200,220067,100,2024-03-11,2024-03-11,CAD
153300,1509098,999999,2024-03-12,2024-03-17,USD
153301,256292,74,2024-03-12,2024-03-12,CAD
153400,1493263,510,2024-03-13,2024-03-13,USD
153401,370364,100,2024-03-13,2024-03-13,CAD
153500,548630,240,2024-03-14,2024-03-14,EUR
153501,318291,80,2024-03-14,2024-03-14,CAD
153600,1855737,490,2024-03-15,2024-03-15,USD
153700,1649301,450,2024-03-16,2024-03-16,USD
153701,1288035,500,2024-03-16,2024-03-16,USD
153702,480947,190,2024-03-16,2024-03-16,EUR
154100,1000467,390,2024-03-20,2024-03-20,GBP
154200,312122,999999,2024-03-21,2024-03-26,CAD
154400,1805609,999999,2024-03-23,2024-03-28,USD
157000,2040541,500,2024-04-18,2024-04-18,USD
157200,86106,60,2024-04-20,2024-04-20,AUD
157500,446866,255,2024-04-23,2024-04-23,EUR
157600,1668587,480,2024-04-24,2024-04-24,USD
157700,1705418,585,2024-04-25,2024-04-25,USD
157701,1199910,420,2024-04-25,2024-04-25,GBP
157800,600039,180,2024-04-26,2024-04-26,EUR
157900,2010541,620,2024-04-27,2024-04-27,USD
157901,1102623,370,2024-04-27,2024-04-27,GBP
157902,1996465,650,2024-04-27,2024-04-27,USD
158100,1191615,390,2024-04-29,2024-04-29,GBP
158200,151940,999999,2024-04-30,2024-05-05,AUD
158201,708344,300,2024-04-30,2024-04-30,EUR
158300,1730212,510,2024-05-01,2024-05-01,USD
158301,2037669,999999,2024-05-01,2024-05-04,USD
158302,1359717,560,2024-05-01,2024-05-01,USD
158400,825719,999999,2024-05-02,2024-05-07,EUR
158401,1213820,999999,2024-05-02,2024-05-07,USD
158402,411695,270,2024-05-02,2024-05-02,EUR
158500,267256,74,2024-05-03,2024-05-03,CAD
158501,2055843,605,2024-05-03,2024-05-03,USD
158600,2025327,670,2024-05-04,2024-05-04,USD
158601,1956299,590,2024-05-04,2024-05-04,USD
158602,225508,80,2024-05-04,2024-05-04,CAD
158603,48903,40,2024-05-04,2024-05-04,AUD
158800,464010,270,2024-05-06,2024-05-06,EUR
158900,1585498,570,2024-05-07,2024-05-07,USD
158901,1975295,530,2024-05-07,2024-05-07,USD
159000,1541734,540,2024-05-08,2024-05-08,USD
159001,1440920,999999,2024-05-08,2024-05-14,USD
159002,543765,999999,2024-05-08,2024-05-12,EUR
159100,1109937,420,2024-05-09,2024-05-09,GBP
159101,1501979,470,2024-05-09,2024-05-09,USD
159102,1424636,999999,2024-05-09,2024-05-12,USD
159200,192443,35,2024-05-10,2024-05-10,AUD
159201,1743496,540,2024-05-10,2024-05-10,USD
159300,1425966,999999,2024-05-11,2024-05-15,USD
159301,429955,999999,2024-05-11,2024-05-15,EUR
159302,1126708,400,2024-05-11,2024-05-11,GBP
159303,1948358,605,2024-05-11,2024-05-11,USD
159500,275365,999999,2024-05-13,2024-05-19,CAD
159600,1226933,590,2024-05-14,2024-05-14,USD
159601,1139284,380,2024-05-14,2024-05-14,GBP
159700,1806282,560,2024-05-15,2024-05-15,USD
159701,1434241,570,2024-05-15,2024-05-15,USD
159702,2014911,550,2024-05-15,2024-05-15,USD
159800,594901,230,2024-05-16,2024-05-16,EUR
159801,785892,300,2024-05-16,2024-05-16,EUR
159802,1541758,510,2024-05-16,2024-05-16,USD
159900,1241326,500,2024-05-17,2024-05-17,USD
159901,1522216,470,2024-05-17,2024-05-17,USD
160000,1662198,605,2024-05-18,2024-05-18,USD
160001,869028,340,2024-05-18,2024-05-18,EUR
160002,352199,100,2024-05-18,2024-05-18,CAD
160003,1825809,530,2024-05-18,2024-05-18,USD
160200,76775,60,2024-05-20,2024-05-20,AUD
160300,2005312,999999,2024-05-21,2024-05-24,USD
160301,1193797,400,2024-05-21,2024-05-21,GBP
160400,732926,300,2024-05-22,2024-05-22,EUR
160402,790764,300,2024-05-22,2024-05-22,EUR
160500,353381,90,2024-05-23,2024-05-23,CAD
160501,221408,100,2024-05-23,2024-05-23,CAD
160502,1684875,530,2024-05-23,2024-05-23,USD
160600,1293940,999999,2024-05-24,2024-05-30,USD
160601,1814603,440,2024-05-24,2024-05-24,USD
160700,1527419,500,2024-05-25,2024-05-25,USD
160701,296772,74,2024-05-25,2024-05-25,CAD
160702,1036062,360,2024-05-25,2024-05-25,GBP
160703,2092211,670,2024-05-25,2024-05-25,USD
160900,1593244,440,2024-05-27,2024-05-27,USD
161000,1989778,480,2024-05-28,2024-05-28,USD
161001,1158862,999999,2024-05-28,2024-06-04,GBP
161100,1032659,400,2024-05-29,2024-05-29,GBP
161101,281914,90,2024-05-29,2024-05-29,CAD
161102,1736959,480,2024-05-29,2024-05-29,USD
161200,122927,35,2024-05-30,2024-05-30,AUD
161201,1551217,585,2024-05-30,2024-05-30,USD
161202,2097355,999999,2024-05-30,2024-06-03,USD
161300,1257782,610,2024-05-31,2024-05-31,USD
161301,668832,999999,2024-05-31,2024-06-05,EUR
161400,734549,290,2024-06-01,2024-06-01,EUR
161401,1648829,999999,2024-06-01,2024-06-05,USD
161402,1870509,660,2024-06-01,2024-06-01,USD
161403,794165,300,2024-06-01,2024-06-01,EUR
161600,1710602,540,2024-06-03,2024-06-03,USD
161700,1509153,440,2024-06-04,2024-06-04,USD
161701,1069531,390,2024-06-04,2024-06-04,GBP
161800,576349,270,2024-06-05,2024-06-05,EUR
161801,1948527,570,2024-06-05,2024-06-05,USD
161802,1200861,660,2024-06-05,2024-06-05,USD
161900,1983530,999999,2024-06-06,2024-06-10,USD
161901,1707111,610,2024-06-06,2024-06-06,USD
161902,1040122,380,2024-06-06,2024-06-06,GBP
162000,1929527,590,2024-06-07,2024-06-07,USD
162001,1581039,470,2024-06-07,2024-06-07,USD
162100,1009156,390,2024-06-08,2024-06-08,GBP
162101,1425095,440,2024-06-08,2024-06-08,USD
162102,5293,60,2024-06-08,2024-06-08,AUD
162103,1453078,650,2024-06-08,2024-06-08,USD
162300,1997270,490,2024-06-10,2024-06-10,USD
162400,776521,999999,2024-06-11,2024-06-15,EUR
162401,1014749,360,2024-06-11,2024-06-11,GBP
162500,246928,74,2024-06-12,2024-06-12,CAD
162501,2024640,430,2024-06-12,2024-06-12,USD
162502,1003971,999999,2024-06-12,2024-06-15,GBP
162600,1796315,999999,2024-06-13,2024-06-19,USD
162601,1721083,999999,2024-06-13,2024-06-14,USD
162602,1922796,650,2024-06-13,2024-06-13,USD
162700,1452436,610,2024-06-14,2024-06-14,USD
162701,1724546,999999,2024-06-14,2024-06-18,USD
162800,441651,255,2024-06-15,2024-06-15,EUR
162801,2044441,540,2024-06-15,2024-06-15,USD
162802,2041241,570,2024-06-15,2024-06-15,USD
162803,428350,260,2024-06-15,2024-06-15,EUR
163000,1830219,530,2024-06-17,2024-06-17,USD
163100,933390,370,2024-06-18,2024-06-18,GBP
163101,1926183,560,2024-06-18,2024-06-18,USD
163200,1920895,540,2024-06-19,2024-06-19,USD
163201,1960698,650,2024-06-19,2024-06-19,USD
163202,1553499,550,2024-06-19,2024-06-19,USD
163300,1633804,999999,2024-06-20,2024-06-21,USD
163301,591594,190,2024-06-20,2024-06-20,EUR
163302,507391,999999,2024-06-20,2024-06-22,EUR
163400,714181,300,2024-06-21,2024-06-21,EUR
163401,361534,80,2024-06-21,2024-06-21,CAD
163500,377920,999999,2024-06-22,2024-06-27,CAD
163501,1923563,660,2024-06-22,2024-06-22,USD
163502,1342428,590,2024-06-22,2024-06-22,USD
163503,548288,240,2024-06-22,2024-06-22,EUR
163700,1226413,999999,2024-06-24,2024-06-29,USD
163800,489334,270,2024-06-25,2024-06-25,EUR
163801,2084797,430,2024-06-25,2024-06-25,USD
163900,1390350,490,2024-06-26,2024-06-26,USD
163901,1942515,999999,2024-06-26,2024-06-29,USD
163902,958604,400,2024-06-26,2024-06-26,GBP
164000,1415205,470,2024-06-27,2024-06-27,USD
164001,399264,74,2024-06-27,2024-06-27,CAD
164002,127053,999999,2024-06-27,2024-07-02,AUD
164100,1072219,360,2024-06-28,2024-06-28,GBP
164101,2088129,590,2024-06-28,2024-06-28,USD
164200,1560078,650,2024-06-29,2024-06-29,USD
164201,1001573,420,2024-06-29,2024-06-29,GBP
164202,562085,255,2024-06-29,2024-06-29,EUR
164203,216274,80,2024-06-29,2024-06-29,CAD
164400,1072777,390,2024-07-01,2024-07-01,GBP
164500,322483,90,2024-07-02,2024-07-02,CAD
164501,1610504,590,2024-07-02,2024-07-02,USD
164600,1652728,999999,2024-07-03,2024-07-08,USD
164601,946684,380,2024-07-03,2024-07-03,GBP
164602,1593317,560,2024-07-03,2024-07-03,USD
164700,1483345,670,2024-07-04,2024-07-04,USD
164701,1346973,550,2024-07-04,2024-07-04,USD
164702,1348406,999999,2024-07-04,2024-07-10,USD
164800,448459,210,2024-07-05,2024-07-05,EUR
164801,512261,210,2024-07-05,2024-07-05,EUR
164900,1639255,430,2024-07-06,2024-07-06,USD
164901,1925827,530,2024-07-06,2024-07-06,USD
164902,1513295,450,2024-07-06,2024-07-06,USD
164903,1955120,440,2024-07-06,2024-07-06,USD
165100,921092,400,2024-07-08,2024-07-08,GBP
165200,2025949,490,2024-07-09,2024-07-09,USD
165201,1811309,530,2024-07-09,2024-07-09,USD
165300,1700437,550,2024-07-10,2024-07-10,USD
165301,484623,220,2024-07-10,2024-07-10,EUR
165302,514306,260,2024-07-10,2024-07-10,EUR
165400,918572,380,2024-07-11,2024-07-11,GBP
165401,2026979,500,2024-07-11,2024-07-11,USD
165402,530654,999999,2024-07-11,2024-07-17,EUR
165500,320326,999999,2024-07-12,2024-07-15,CAD
165501,1634256,999999,2024-07-12,2024-07-15,USD
165600,1616482,550,2024-07-13,2024-07-13,USD
165601,1135858,999999,2024-07-13,2024-07-17,GBP
165602,939474,999999,2024-07-13,2024-07-15,GBP
165603,1579529,610,2024-07-13,2024-07-13,USD
165800,546788,999999,2024-07-15,2024-07-19,EUR
165900,1613874,605,2024-07-16,2024-07-16,USD
165901,724252,999999,2024-07-16,2024-07-20,EUR
166000,1891105,585,2024-07-17,2024-07-17,USD
166001,537918,270,2024-07-17,2024-07-17,EUR
166002,301115,100,2024-07-17,2024-07-17,CAD
166100,654156,150,2024-07-18,2024-07-18,EUR
166101,401572,210,2024-07-18,2024-07-18,EUR
166102,1558231,540,2024-07-18,2024-07-18,USD
166200,1937516,605,2024-07-19,2024-07-19,USD
166201,1719823,450,2024-07-19,2024-07-19,USD
166300,1577102,490,2024-07-20,2024-07-20,USD
166301,884299,340,2024-07-20,2024-07-20,EUR
166302,944221,999999,2024-07-20,2024-07-22,GBP
166600,1314759,999999,2024-07-23,2024-07-28,USD
166700,897056,330,2024-07-24,2024-07-24,EUR
166800,545611,999999,2024-07-25,2024-07-29,EUR
167000,1248280,450,2024-07-27,2024-07-27,USD
167400,1179237,420,2024-07-31,2024-07-31,GBP
167500,171406,999999,2024-08-01,2024-08-04,AUD
167700,877532,310,2024-08-03,2024-08-03,EUR
167701,475167,270,2024-08-03,2024-08-03,EUR
168000,1517087,450,2024-08-06,2024-08-06,USD
168100,537853,220,2024-08-07,2024-08-07,EUR
168101,162148,35,2024-08-07,2024-08-07,AUD
168200,1862342,620,2024-08-08,2024-08-08,USD
168201,1198720,360,2024-08-08,2024-08-08,GBP
168202,1895170,610,2024-08-08,2024-08-08,USD
168300,1669235,605,2024-08-09,2024-08-09,USD
168301,1042701,999999,2024-08-09,2024-08-14,GBP
168400,1164730,390,2024-08-10,2024-08-10,GBP
168401,533548,999999,2024-08-10,2024-08-12,EUR
168402,1358169,480,2024-08-10,2024-08-10,USD
168403,1268192,550,2024-08-10,2024-08-10,USD
168600,1957921,540,2024-08-12,2024-08-12,USD
168700,836050,340,2024-08-13,2024-08-13,EUR
168701,434108,260,2024-08-13,2024-08-13,EUR
168800,371344,80,2024-08-14,2024-08-14,CAD
168801,1386242,605,2024-08-14,2024-08-14,USD
168802,1918046,440,2024-08-14,2024-08-14,USD
168900,1701191,670,2024-08-15,2024-08-15,USD
168901,1352178,999999,2024-08-15,2024-08-22,USD
168902,1020564,400,2024-08-15,2024-08-15,GBP
169000,1451901,999999,2024-08-16,2024-08-22,USD
169001,1371509,620,2024-08-16,2024-08-16,USD
169100,550880,255,2024-08-17,2024-08-17,EUR
169101,167900,999999,2024-08-17,2024-08-22,AUD
169102,1289631,999999,2024-08-17,2024-08-22,USD
169103,966903,390,2024-08-17,2024-08-17,GBP
169300,1624730,540,2024-08-19,2024-08-19,USD
169400,986207,380,2024-08-20,2024-08-20,GBP
169401,1011240,999999,2024-08-20,2024-08-23,GBP
169500,153594,40,2024-08-21,2024-08-21,AUD
169501,1872450,999999,2024-08-21,2024-08-29,USD
169600,1420773,440,2024-08-22,2024-08-22,USD
169601,894699,340,2024-08-22,2024-08-22,EUR
169602,533076,999999,2024-08-22,2024-08-25,EUR
169700,803626,999999,2024-08-23,2024-08-26,EUR
169701,2012095,620,2024-08-23,2024-08-23,USD
169800,222666,100,2024-08-24,2024-08-24,CAD
169801,263965,80,2024-08-24,2024-08-24,CAD
169802,1345166,999999,2024-08-24,2024-08-29,USD
169803,397171,74,2024-08-24,2024-08-24,CAD
170000,1552492,570,2024-08-26,2024-08-26,USD
170100,525394,230,2024-08-27,2024-08-27,EUR
170101,1231170,660,2024-08-27,2024-08-27,USD
170200,1651811,500,2024-08-28,2024-08-28,USD
170201,1966236,550,2024-08-28,2024-08-28,USD
170300,1269051,480,2024-08-29,2024-08-29,USD
170301,877685,330,2024-08-29,2024-08-29,EUR
170302,1782403,610,2024-08-29,2024-08-29,USD
170400,920769,360,2024-08-30,2024-08-30,GBP
170401,1634156,999999,2024-08-30,2024-09-02,USD
170500,155971,60,2024-08-31,2024-08-31,AUD
170501,1914640,440,2024-08-31,2024-08-31,USD
170502,917004,999999,2024-08-31,2024-09-04,GBP
170503,631385,150,2024-08-31,2024-08-31,EUR
170700,769083,300,2024-09-02,2024-09-02,EUR
170800,269455,999999,2024-09-03,2024-09-07,CAD
170801,1302781,540,2024-09-03,2024-09-03,USD
170900,1665087,540,2024-09-04,2024-09-04,USD
170901,2044650,540,2024-09-04,2024-09-04,USD
171000,1956497,500,2024-09-05,2024-09-05,USD
171001,1427358,430,2024-09-05,2024-09-05,USD
171002,680696,140,2024-09-05,2024-09-05,EUR
171100,474325,210,2024-09-06,2024-09-06,EUR
171101,1701917,590,2024-09-06,2024-09-06,USD
171200,1969372,440,2024-09-07,2024-09-07,USD
171201,1861466,450,2024-09-07,2024-09-07,USD
171202,1813363,590,2024-09-07,2024-09-07,USD
171203,1719858,440,2024-09-07,2024-09-07,USD
171400,1030016,390,2024-09-09,2024-09-09,GBP
171500,106929,10,2024-09-10,2024-09-10,AUD
171501,329211,90,2024-09-10,2024-09-10,CAD
171600,1270770,560,2024-09-11,2024-09-11,USD
171601,1169943,999999,2024-09-11,2024-09-15,GBP
171700,781757,290,2024-09-12,2024-09-12,EUR
171701,511774,220,2024-09-12,2024-09-12,EUR
171702,2055982,999999,2024-09-12,2024-09-14,USD
171800,328785,80,2024-09-13,2024-09-13,CAD
171801,1793428,660,2024-09-13,2024-09-13,USD
171900,1395545,999999,2024-09-14,2024-09-17,USD
171901,340662,74,2024-09-14,2024-09-14,CAD
171902,1551649,650,2024-09-14,2024-09-14,USD
171903,1155815,370,2024-09-14,2024-09-14,GBP
172100,416578,270,2024-09-16,2024-09-16,EUR
172200,1266751,610,2024-09-17,2024-09-17,USD
172201,1277345,500,2024-09-17,2024-09-17,USD
172300,1708756,590,2024-09-18,2024-09-18,USD
172301,825100,999999,2024-09-18,2024-09-21,EUR
172400,1072232,390,2024-09-19,2024-09-19,GBP
172401,174212,50,2024-09-19,2024-09-19,AUD
172402,1185894,370,2024-09-19,2024-09-19,GBP
172500,1656884,540,2024-09-20,2024-09-20,USD
172600,1391621,999999,2024-09-21,2024-09-25,USD
172601,119321,50,2024-09-21,2024-09-21,AUD
172602,4193,35,2024-09-21,2024-09-21,AUD
172603,1197556,380,2024-09-21,2024-09-21,GBP
172800,382394,999999,2024-09-23,2024-09-25,CAD
172900,1470869,660,2024-09-24,2024-09-24,USD
173000,1666109,999999,2024-09-25,2024-09-30,USD
173001,362969,999999,2024-09-25,2024-10-01,CAD
173100,542016,240,2024-09-26,2024-09-26,EUR
173101,1679077,480,2024-09-26,2024-09-26,USD
173102,1370697,590,2024-09-26,2024-09-26,USD
173200,1207498,560,2024-09-27,2024-09-27,USD
173300,1781235,530,2024-09-28,2024-09-28,USD
173301,1769092,450,2024-09-28,2024-09-28,USD
173302,62528,35,2024-09-28,2024-09-28,AUD
173303,1339978,450,2024-09-28,2024-09-28,USD
173500,1730820,470,2024-09-30,2024-09-30,USD
173600,1393018,650,2024-10-01,2024-10-01,USD
173700,790643,290,2024-10-02,2024-10-02,EUR
173701,1249652,999999,2024-10-02,2024-10-06,USD
173800,305170,100,2024-10-03,2024-10-03,CAD
173801,1584923,590,2024-10-03,2024-10-03,USD
173802,1282289,550,2024-10-03,2024-10-03,USD
173900,1842218,999999,2024-10-04,2024-10-07,USD
174000,1840987,585,2024-10-05,2024-10-05,USD
174001,1773792,590,2024-10-05,2024-10-05,USD
174002,289273,90,2024-10-05,2024-10-05,CAD
174003,2096866,570,2024-10-05,2024-10-05,USD
174200,1290749,490,2024-10-07,2024-10-07,USD
174300,2002488,430,2024-10-08,2024-10-08,USD
174400,1029621,360,2024-10-09,2024-10-09,GBP
174401,1577929,605,2024-10-09,2024-10-09,USD
174500,1849657,999999,2024-10-10,2024-10-14,USD
174501,1586576,670,2024-10-10,2024-10-10,USD
174502,1375051,530,2024-10-10,2024-10-10,USD
174600,1874846,510,2024-10-11,2024-10-11,USD
174700,901766,999999,2024-10-12,2024-10-18,GBP
174701,1661544,570,2024-10-12,2024-10-12,USD
174702,1187586,370,2024-10-12,2024-10-12,GBP
174703,334841,999999,2024-10-12,2024-10-13,CAD
174900,1594008,540,2024-10-14,2024-10-14,USD
175000,1859344,999999,2024-10-15,2024-10-17,USD
175100,593725,210,2024-10-16,2024-10-16,EUR
175101,1667474,540,2024-10-16,2024-10-16,USD
175200,1575190,590,2024-10-17,2024-10-17,USD
175201,1587704,660,2024-10-17,2024-10-17,USD
175202,323847,74,2024-10-17,2024-10-17,CAD
175300,1401226,470,2024-10-18,2024-10-18,USD
175400,617237,999999,2024-10-19,2024-10-26,EUR
175401,520649,270,2024-10-19,2024-10-19,EUR
175402,1478853,430,2024-10-19,2024-10-19,USD
175600,1522518,550,2024-10-21,2024-10-21,USD
175700,942597,999999,2024-10-22,2024-10-25,GBP
175800,258429,80,2024-10-23,2024-10-23,CAD
175801,1298811,480,2024-10-23,2024-10-23,USD
175900,1343185,999999,2024-10-24,2024-10-26,USD
175901,1829784,999999,2024-10-24,2024-10-27,USD
175902,57091,999999,2024-10-24,2024-10-27,AUD
176000,1732602,430,2024-10-25,2024-10-25,USD
176100,588301,999999,2024-10-26,2024-10-29,EUR
176101,1356070,550,2024-10-26,2024-10-26,USD
176102,1601420,480,2024-10-26,2024-10-26,USD
176300,1319702,585,2024-10-28,2024-10-28,USD
176400,610319,150,2024-10-29,2024-10-29,EUR
176500,1707567,530,2024-10-30,2024-10-30,USD
176501,2036457,660,2024-10-30,2024-10-30,USD
176600,1558030,490,2024-10-31,2024-10-31,USD
176601,1525275,999999,2024-10-31,2024-11-04,USD
176602,500787,240,2024-10-31,2024-10-31,EUR
176700,1108615,370,2024-11-01,2024-11-01,GBP
176800,29832,999999,2024-11-02,2024-11-03,AUD
176801,1919399,590,2024-11-02,2024-11-02,USD
176802,1471130,480,2024-11-02,2024-11-02,USD
177000,877640,999999,2024-11-04,2024-11-08,EUR
177100,573380,255,2024-11-05,2024-11-05,EUR
177200,1794401,550,2024-11-06,2024-11-06,USD
177201,1611135,510,2024-11-06,2024-11-06,USD
177300,1469023,450,2024-11-07,2024-11-07,USD
177301,1751609,999999,2024-11-07,2024-11-12,USD
177302,1272384,620,2024-11-07,2024-11-07,USD
177400,659806,130,2024-11-08,2024-11-08,EUR
177500,1909410,450,2024-11-09,2024-11-09,USD
177501,1416098,510,2024-11-09,2024-11-09,USD
177502,1607497,540,2024-11-09,2024-11-09,USD
177700,961764,420,2024-11-11,2024-11-11,GBP
177800,158080,50,2024-11-12,2024-11-12,AUD
177900,1286891,999999,2024-11-13,2024-11-16,USD
177901,2081338,660,2024-11-13,2024-11-13,USD
178000,845547,330,2024-11-14,2024-11-14,EUR
178001,1337182,550,2024-11-14,2024-11-14,USD
178002,412063,240,2024-11-14,2024-11-14,EUR
178100,388207,999999,2024-11-15,2024-11-17,CAD
178200,1307374,490,2024-11-16,2024-11-16,USD
178201,1962192,440,2024-11-16,2024-11-16,USD
178202,637920,999999,2024-11-16,2024-11-20,EUR
178400,532032,270,2024-11-18,2024-11-18,EUR
178500,1446818,650,2024-11-19,2024-11-19,USD
178600,2099198,605,2024-11-20,2024-11-20,USD
178601,578182,210,2024-11-20,2024-11-20,EUR
178700,915124,420,2024-11-21,2024-11-21,GBP
178701,530654,240,2024-11-21,2024-11-21,EUR
178800,52250,35,2024-11-22,2024-11-22,AUD
178900,2040928,510,2024-11-23,2024-11-23,USD
178901,2011742,490,2024-11-23,2024-11-23,USD
178902,1367863,585,2024-11-23,2024-11-23,USD
179100,249557,74,2024-11-25,2024-11-25,CAD
179200,1615141,999999,2024-11-26,2024-12-03,USD
179300,1278867,620,2024-11-27,2024-11-27,USD
179301,337453,74,2024-11-27,2024-11-27,CAD
179400,474562,255,2024-11-28,2024-11-28,EUR
179401,1605024,999999,2024-11-28,2024-12-01,USD
179500,1559254,570,2024-11-29,2024-11-29,USD
179600,1563184,540,2024-11-30,2024-11-30,USD
179601,374515,74,2024-11-30,2024-11-30,CAD
179602,996934,999999,2024-11-30,2024-12-03,GBP
179800,143961,35,2024-12-02,2024-12-02,AUD
179900,2042530,450,2024-12-03,2024-12-03,USD
180000,831848,330,2024-12-04,2024-12-04,EUR
180001,1719823,550,2024-12-04,2024-12-04,USD
180100,356234,74,2024-12-05,2024-12-05,CAD
180101,1931278,590,2024-12-05,2024-12-05,USD
180200,1536539,605,2024-12-06,2024-12-06,USD
180300,2020294,570,2024-12-07,2024-12-07,USD
180301,382336,100,2024-12-07,2024-12-07,CAD
180302,400805,260,2024-12-07,2024-12-07,EUR
180500,1575210,510,2024-12-09,2024-12-09,USD
180600,1855300,480,2024-12-10,2024-12-10,USD
180700,1003083,400,2024-12-11,2024-12-11,GBP
180701,418709,210,2024-12-11,2024-12-11,EUR
180800,107078,60,2024-12-12,2024-12-12,AUD
180801,2063767,550,2024-12-12,2024-12-12,USD
180802,1142931,380,2024-12-12,2024-12-12,GBP
180900,1789355,620,2024-12-13,2024-12-13,USD
180901,1381602,590,2024-12-13,2024-12-13,USD
181000,707307,999999,2024-12-14,2024-12-16,EUR
181001,1652978,540,2024-12-14,2024-12-14,USD
181002,154077,999999,2024-12-14,2024-12-17,AUD
181003,973450,999999,2024-12-14,2024-12-21,GBP
181200,1506848,999999,2024-12-16,2024-12-20,USD
181300,1418552,510,2024-12-17,2024-12-17,USD
181301,806976,340,2024-12-17,2024-12-17,EUR
181400,469591,260,2024-12-18,2024-12-18,EUR
181401,1399299,590,2024-12-18,2024-12-18,USD
181402,532378,255,2024-12-18,2024-12-18,EUR
181500,1359396,440,2024-12-19,2024-12-19,USD
181501,1196556,380,2024-12-19,2024-12-19,GBP
181502,1946754,560,2024-12-19,2024-12-19,USD
181503,1735563,470,2024-12-19,2024-12-19,USD
181600,1771934,490,2024-12-20,2024-12-20,USD
181601,205476,80,2024-12-20,2024-12-20,CAD
181700,979146,400,2024-12-21,2024-12-21,GBP
181701,900504,370,2024-12-21,2024-12-21,GBP
181702,1826781,490,2024-12-21,2024-12-21,USD
181703,667099,999999,2024-12-21,2024-12-24,EUR
181704,1830070,605,2024-12-21,2024-12-21,USD
181900,1313789,999999,2024-12-23,2024-12-25,USD
181901,1597715,620,2024-12-23,2024-12-23,USD
182000,758585,300,2024-12-24,2024-12-24,EUR
182001,1902143,490,2024-12-24,2024-12-24,USD
182100,274204,999999,2024-12-25,2024-12-29,CAD
182101,1990960,999999,2024-12-25,2025-01-01,USD
182102,910039,999999,2024-12-25,2024-12-30,GBP
182200,1873165,550,2024-12-26,2024-12-26,USD
182201,1376349,999999,2024-12-26,2024-12-31,USD
182202,1510492,650,2024-12-26,2024-12-26,USD
182203,893848,320,2024-12-26,2024-12-26,EUR
182300,1880723,999999,2024-12-27,2024-12-30,USD
182301,208932,90,2024-12-27,2024-12-27,CAD
182400,553193,230,2024-12-28,2024-12-28,EUR
182401,1944539,590,2024-12-28,2024-12-28,USD
182402,1917990,590,2024-12-28,2024-12-28,USD
182403,1621879,610,2024-12-28,2024-12-28,USD
182404,805640,340,2024-12-28,2024-12-28,EUR
182600,1266932,480,2024-12-30,2024-12-30,USD
182700,1137448,390,2024-12-31,2024-12-31,GBP
182701,1597446,650,2024-12-31,2024-12-31,USD
182800,306845,80,2025-01-01,2025-01-01,CAD
182801,1569926,530,2025-01-01,2025-01-01,USD
182802,1088574,380,2025-01-01,2025-01-01,GBP
182900,1406880,510,2025-01-02,2025-01-02,USD
182901,279363,80,2025-01-02,2025-01-02,CAD
182902,185183,50,2025-01-02,2025-01-02,AUD
183000,1859976,450,2025-01-03,2025-01-03,USD
183001,1299772,490,2025-01-03,2025-01-03,USD
183100,657743,120,2025-01-04,2025-01-04,EUR
183101,914738,390,2025-01-04,2025-01-04,GBP
183102,1305468,999999,2025-01-04,2025-01-07,USD
183103,1922944,999999,2025-01-04,2025-01-08,USD
183300,1404291,650,2025-01-06,2025-01-06,USD
183400,1164867,999999,2025-01-07,2025-01-14,GBP
183401,518883,210,2025-01-07,2025-01-07,EUR
183500,34961,50,2025-01-08,2025-01-08,AUD
183501,1295378,570,2025-01-08,2025-01-08,USD
183600,1857792,999999,2025-01-09,2025-01-15,USD
183601,1772522,999999,2025-01-09,2025-01-14,USD
183700,823835,320,2025-01-10,2025-01-10,EUR
183800,254130,999999,2025-01-11,2025-01-16,CAD
183801,1687545,470,2025-01-11,2025-01-11,USD
183802,1023652,360,2025-01-11,2025-01-11,GBP
184000,1437053,670,2025-01-13,2025-01-13,USD
184100,439526,260,2025-01-14,2025-01-14,EUR
184200,1945559,605,2025-01-15,2025-01-15,USD
184201,1903880,510,2025-01-15,2025-01-15,USD
184300,1502616,570,2025-01-16,2025-01-16,USD
184301,125943,40,2025-01-16,2025-01-16,AUD
184400,1100417,380,2025-01-17,2025-01-17,GBP
184500,118460,999999,2025-01-18,2025-01-23,AUD
184501,2072243,430,2025-01-18,2025-01-18,USD
184502,875983,310,2025-01-18,2025-01-18,EUR
184700,825263,999999,2025-01-20,2025-01-23,EUR
184800,303313,999999,2025-01-21,2025-01-26,CAD
184900,1574885,620,2025-01-22,2025-01-22,USD
184901,1220466,440,2025-01-22,2025-01-22,USD
185000,1371354,430,2025-01-23,2025-01-23,USD
185001,1931051,570,2025-01-23,2025-01-23,USD
185100,572379,240,2025-01-24,2025-01-24,EUR
185200,1910053,660,2025-01-25,2025-01-25,USD
185201,790106,999999,2025-01-25,2025-01-28,EUR
185202,513300,190,2025-01-25,2025-01-25,EUR
185400,1133913,370,2025-01-27,2025-01-27,GBP
185500,102323,10,2025-01-28,2025-01-28,AUD
185600,1711052,999999,2025-01-29,2025-02-10,USD
185601,1247783,490,2025-01-29,2025-01-29,USD
185700,840164,340,2025-01-30,2025-01-30,EUR
185701,1669867,660,2025-01-30,2025-01-30,USD
185800,200864,999999,2025-01-31,2025-02-05,CAD
185900,1832064,570,2025-02-01,2025-02-01,USD
185901,196079,50,2025-02-01,2025-02-01,AUD
185902,1969961,999999,2025-02-01,2025-02-07,USD
186100,531971,999999,2025-02-03,2025-02-09,EUR
186200,1520810,480,2025-02-04,2025-02-04,USD
186300,1521061,440,2025-02-05,2025-02-05,USD
186301,1990287,610,2025-02-05,2025-02-05,USD
186400,1130986,999999,2025-02-06,2025-02-12,GBP
186401,1585995,999999,2025-02-06,2025-02-09,USD
186500,170989,999999,2025-02-07,2025-02-12,AUD
186600,1545039,590,2025-02-08,2025-02-08,USD
186601,1483100,620,2025-02-08,2025-02-08,USD
186602,432804,999999,2025-02-08,2025-02-13,EUR
186800,304100,80,2025-02-10,2025-02-10,CAD
186900,1417285,560,2025-02-11,2025-02-11,USD
186901,1858704,999999,2025-02-11,2025-02-13,USD
187000,1486524,480,2025-02-12,2025-02-12,USD
187001,559895,220,2025-02-12,2025-02-12,EUR
187002,1858704,440,2025-02-12,2025-02-12,USD
187100,544400,190,2025-02-13,2025-02-13,EUR
187101,782375,300,2025-02-13,2025-02-13,EUR
187102,883519,330,2025-02-13,2025-02-13,EUR
187103,1657456,660,2025-02-13,2025-02-13,USD
187200,1766974,999999,2025-02-14,2025-02-26,USD
187201,1539310,450,2025-02-14,2025-02-14,USD
187202,1587188,500,2025-02-14,2025-02-14,USD
187300,1733141,480,2025-02-15,2025-02-15,USD
187301,953997,370,2025-02-15,2025-02-15,GBP
187302,1498155,500,2025-02-15,2025-02-15,USD
187303,225565,90,2025-02-15,2025-02-15,CAD
187304,1528191,999999,2025-02-15,2025-02-17,USD
187305,1455072,500,2025-02-15,2025-02-15,USD
187500,77492,10,2025-02-17,2025-02-17,AUD
187600,1292950,500,2025-02-18,2025-02-18,USD
187601,579694,210,2025-02-18,2025-02-18,EUR
187602,1837640,480,2025-02-18,2025-02-18,USD
187603,1297006,610,2025-02-18,2025-02-18,USD
187700,777076,290,2025-02-19,2025-02-19,EUR
187701,737759,300,2025-02-19,2025-02-19,EUR
187702,1632664,999999,2025-02-19,2025-02-21,USD
187703,1575218,490,2025-02-19,2025-02-19,USD
187704,1968251,999999,2025-02-19,2025-02-22,USD
187800,332636,90,2025-02-20,2025-02-20,CAD
187801,482065,220,2025-02-20,2025-02-20,EUR
187802,1630519,650,2025-02-20,2025-02-20,USD
187803,557780,210,2025-02-20,2025-02-20,EUR
187804,1884872,550,2025-02-20,2025-02-20,USD
187805,1392918,490,2025-02-20,2025-02-20,USD
187900,1845343,550,2025-02-21,2025-02-21,USD
187901,842188,340,2025-02-21,2025-02-21,EUR
187902,1232069,660,2025-02-21,2025-02-21,USD
187903,1393376,440,2025-02-21,2025-02-21,USD
188000,1297361,660,2025-02-22,2025-02-22,USD
188001,2092972,500,2025-02-22,2025-02-22,USD
188002,1714605,500,2025-02-22,2025-02-22,USD
188003,1954381,560,2025-02-22,2025-02-22,USD
188004,2094578,670,2025-02-22,2025-02-22,USD
188005,1137452,360,2025-02-22,2025-02-22,GBP
188006,718710,300,2025-02-22,2025-02-22,EUR
188200,1712659,610,2025-02-24,2025-02-24,USD
188201,1583013,999999,2025-02-24,2025-02-27,USD
188300,1932435,999999,2025-02-25,2025-03-03,USD
188301,209605,80,2025-02-25,2025-02-25,CAD
188302,1747398,450,2025-02-25,2025-02-25,USD
188400,1128580,380,2025-02-26,2025-02-26,GBP
188401,181747,999999,2025-02-26,2025-03-02,AUD
188402,516856,260,2025-02-26,2025-02-26,EUR
188403,2002989,510,2025-02-26,2025-02-26,USD
188500,1317615,500,2025-02-27,2025-02-27,USD
188501,1921827,620,2025-02-27,2025-02-27,USD
188502,1121060,400,2025-02-27,2025-02-27,GBP
188503,1919595,550,2025-02-27,2025-02-27,USD
188600,1567894,470,2025-02-28,2025-02-28,USD
188601,1116309,999999,2025-02-28,2025-03-03,GBP
188700,780114,300,2025-03-01,2025-03-01,EUR
188701,822216,320,2025-03-01,2025-03-01,EUR
188702,1733827,605,2025-03-01,2025-03-01,USD
188703,1792198,570,2025-03-01,2025-03-01,USD
188900,1465348,999999,2025-03-03,2025-03-08,USD
189000,1519467,999999,2025-03-04,2025-03-07,USD
189100,474577,230,2025-03-05,2025-03-05,EUR
189101,1776666,660,2025-03-05,2025-03-05,USD
189200,1723194,620,2025-03-06,2025-03-06,USD
189201,372592,80,2025-03-06,2025-03-06,CAD
189300,2067863,500,2025-03-07,2025-03-07,USD
189400,1024141,400,2025-03-08,2025-03-08,GBP
189401,530515,240,2025-03-08,2025-03-08,EUR
189402,1851394,550,2025-03-08,2025-03-08,USD
189600,2037316,999999,2025-03-10,2025-03-17,USD
189700,1025586,400,2025-03-11,2025-03-11,GBP
189800,207062,999999,2025-03-12,2025-03-16,CAD
189801,335056,999999,2025-03-12,2025-03-13,CAD
189900,1326879,670,2025-03-13,2025-03-13,USD
189901,391352,80,2025-03-13,2025-03-13,CAD
190000,1606592,530,2025-03-14,2025-03-14,USD
190100,457786,260,2025-03-15,2025-03-15,EUR
190101,1783655,999999,2025-03-15,2025-03-20,USD
190500,1392097,610,2025-03-19,2025-03-19,USD
190600,1391833,585,2025-03-20,2025-03-20,USD
190800,311676,80,2025-03-22,2025-03-22,CAD
194100,333916,74,2025-04-24,2025-04-24,CAD
194300,1601546,670,2025-04-26,2025-04-26,USD
194301,1370832,605,2025-04-26,2025-04-26,USD
194600,1675024,570,2025-04-29,2025-04-29,USD
194700,920659,380,2025-04-30,2025-04-30,GBP
194800,79667,60,2025-05-01,2025-05-01,AUD
194801,1862890,999999,2025-05-01,2025-05-04,USD
194900,1613484,999999,2025-05-02,2025-05-05,USD
195000,877261,310,2025-05-03,2025-05-03,EUR
195001,1131814,400,2025-05-03,2025-05-03,GBP
195002,469700,220,2025-05-03,2025-05-03,EUR
195300,1522376,470,2025-05-06,2025-05-06,USD
195400,581592,240,2025-05-07,2025-05-07,EUR
195401,1555175,999999,2025-05-07,2025-05-12,USD
195500,1733797,550,2025-05-08,2025-05-08,USD
195501,2004573,999999,2025-05-08,2025-05-13,USD
195600,1273070,440,2025-05-09,2025-05-09,USD
195700,920037,999999,2025-05-10,2025-05-13,GBP
195701,249496,90,2025-05-10,2025-05-10,CAD
195702,992995,999999,2025-05-10,2025-05-16,GBP
196000,817285,999999,2025-05-13,2025-05-16,EUR
196100,261775,100,2025-05-14,2025-05-14,CAD
196101,305347,100,2025-05-14,2025-05-14,CAD
196200,1205617,999999,2025-05-15,2025-05-18,USD
196201,1790043,430,2025-05-15,2025-05-15,USD
196300,1447138,540,2025-05-16,2025-05-16,USD
196400,576608,220,2025-05-17,2025-05-17,EUR
196401,1569832,560,2025-05-17,2025-05-17,USD
196700,966130,420,2025-05-20,2025-05-20,GBP
196800,31394,60,2025-05-21,2025-05-21,AUD
196801,1496110,430,2025-05-21,2025-05-21,USD
196900,1427450,999999,2025-05-22,2025-05-28,USD
196901,67912,60,2025-05-22,2025-05-22,AUD
197000,789712,300,2025-05-23,2025-05-23,EUR
197100,246181,999999,2025-05-24,2025-05-28,CAD
197101,2026678,530,2025-05-24,2025-05-24,USD
197400,535214,190,2025-05-27,2025-05-27,EUR
197500,1871395,620,2025-05-28,2025-05-28,USD
197501,777248,290,2025-05-28,2025-05-28,EUR
197600,1850088,490,2025-05-29,2025-05-29,USD
197601,593903,270,2025-05-29,2025-05-29,EUR
197700,1190814,420,2025-05-30,2025-05-30,GBP
197800,1744039,660,2025-05-31,2025-05-31,USD
197801,1164987,400,2025-05-31,2025-05-31,GBP
198100,211400,90,2025-06-03,2025-06-03,CAD
198200,2006958,999999,2025-06-04,2025-06-06,USD
198300,1710932,660,2025-06-05,2025-06-05,USD
198301,1959207,450,2025-06-05,2025-06-05,USD
198400,444251,999999,2025-06-06,2025-06-08,EUR
198500,1830070,605,2025-06-07,2025-06-07,USD
198501,1495205,999999,2025-06-07,2025-06-14,USD
198800,2017647,620,2025-06-10,2025-06-10,USD
198900,1622206,999999,2025-06-11,2025-06-14,USD
199000,761044,290,2025-06-12,2025-06-12,EUR
199001,731890,300,2025-06-12,2025-06-12,EUR
199100,371682,999999,2025-06-13,2025-06-17,CAD
199200,1896075,620,2025-06-14,2025-06-14,USD
199201,397713,100,2025-06-14,2025-06-14,CAD
199500,1257704,540,2025-06-17,2025-06-17,USD
199600,1639175,500,2025-06-18,2025-06-18,USD
199700,1000833,370,2025-06-19,2025-06-19,GBP
199701,578857,255,2025-06-19,2025-06-19,EUR
199800,1365043,510,2025-06-20,2025-06-20,USD
199900,1483100,660,2025-06-21,2025-06-21,USD
199901,2079871,650,2025-06-21,2025-06-21,USD
200200,1609241,560,2025-06-24,2025-06-24,USD
200300,2091908,530,2025-06-25,2025-06-25,USD
200400,544418,220,2025-06-26,2025-06-26,EUR
200401,1316749,530,2025-06-26,2025-06-26,USD
200500,1866727,470,2025-06-27,2025-06-27,USD
200600,1922905,660,2025-06-28,2025-06-28,USD
200601,1074667,390,2025-06-28,2025-06-28,GBP
200900,2060001,999999,2025-07-01,2025-07-06,USD
201000,991361,390,2025-07-02,2025-07-02,GBP
201100,266803,74,2025-07-03,2025-07-03,CAD
201101,1316258,470,2025-07-03,2025-07-03,USD
201200,1784094,570,2025-07-04,2025-07-04,USD
201300,1550588,440,2025-07-05,2025-07-05,USD
201301,1581396,490,2025-07-05,2025-07-05,USD
201600,1723254,610,2025-07-08,2025-07-08,USD
201700,628706,160,2025-07-09,2025-07-09,EUR
201800,1962090,560,2025-07-10,2025-07-10,USD
201801,1266775,490,2025-07-10,2025-07-10,USD
201900,1867400,590,2025-07-11,2025-07-11,USD
202000,1092983,999999,2025-07-12,2025-07-14,GBP
202001,289107,80,2025-07-12,2025-07-12,CAD
202300,1850117,650,2025-07-15,2025-07-15,USD
202400,399740,999999,2025-07-16,2025-07-23,CAD
202500,2003124,585,2025-07-17,2025-07-17,USD
202501,1539270,999999,2025-07-17,2025-07-22,USD
202600,2053105,550,2025-07-18,2025-07-18,USD
202700,407500,220,2025-07-19,2025-07-19,EUR
202701,1929959,660,2025-07-19,2025-07-19,USD
203100,171702,999999,2025-07-23,2025-07-26,AUD
203200,1582803,610,2025-07-24,2025-07-24,USD
203400,331985,90,2025-07-26,2025-07-26,CAD
204100,152301,35,2025-08-02,2025-08-02,AUD
204500,1208877,450,2025-08-06,2025-08-06,USD
204600,1381570,430,2025-08-07,2025-08-07,USD
204800,1558370,605,2025-08-09,2025-08-09,USD
204801,1692119,999999,2025-08-09,2025-08-14,USD
205100,74405,10,2025-08-12,2025-08-12,AUD
205200,1870016,490,2025-08-13,2025-08-13,USD
205300,890580,999999,2025-08-14,2025-08-18,EUR
205301,993799,370,2025-08-14,2025-08-14,GBP
205400,325260,100,2025-08-15,2025-08-15,CAD
205500,1242744,999999,2025-08-16,2025-08-22,USD
205501,738162,999999,2025-08-16,2025-08-19,EUR
205800,1905920,550,2025-08-19,2025-08-19,USD
205900,1217802,510,2025-08-20,2025-08-20,USD
206000,949326,370,2025-08-21,2025-08-21,GBP
206100,59901,10,2025-08-22,2025-08-22,AUD
206200,1296676,999999,2025-08-23,2025-08-24,USD
206201,1855067,999999,2025-08-23,2025-08-26,USD
206500,1982149,570,2025-08-26,2025-08-26,USD
206600,1979754,610,2025-08-27,2025-08-27,USD
206700,411984,220,2025-08-28,2025-08-28,EUR
206800,1281384,480,2025-08-29,2025-08-29,USD
206900,1585465,450,2025-08-30,2025-08-30,USD
206901,1041908,999999,2025-08-30,2025-09-05,GBP
207200,1599164,605,2025-09-02,2025-09-02,USD
207300,716845,300,2025-09-03,2025-09-03,EUR
207400,242282,80,2025-09-04,2025-09-04,CAD
207500,1705388,999999,2025-09-05,2025-09-11,USD
207600,1776769,480,2025-09-06,2025-09-06,USD
207601,1550085,585,2025-09-06,2025-09-06,USD
207900,1418763,470,2025-09-09,2025-09-09,USD
208000,1161348,400,2025-09-10,2025-09-10,GBP
208100,1343845,570,2025-09-11,2025-09-11,USD
208200,1446028,999999,2025-09-12,2025-09-17,USD
208300,735032,999999,2025-09-13,2025-09-17,EUR
208301,1000997,380,2025-09-13,2025-09-13,GBP
208600,1497226,999999,2025-09-16,2025-09-20,USD
208700,557014,260,2025-09-17,2025-09-17,EUR
208800,1322273,590,2025-09-18,2025-09-18,USD
208900,1815617,570,2025-09-19,2025-09-19,USD
209000,940082,380,2025-09-20,2025-09-20,GBP
209001,1070851,370,2025-09-20,2025-09-20,GBP
209300,930092,999999,2025-09-23,2025-09-26,GBP
209400,259879,999999,2025-09-24,2025-09-27,CAD
209500,2064558,999999,2025-09-25,2025-09-29,USD
209600,1909181,490,2025-09-26,2025-09-26,USD
209700,539727,999999,2025-09-27,2025-10-01,EUR
209701,1944028,650,2025-09-27,2025-09-27,USD
210000,685853,140,2025-09-30,2025-09-30,EUR
210100,1939560,440,2025-10-01,2025-10-01,USD
210200,1319392,999999,2025-10-02,2025-10-06,USD
210300,1139197,400,2025-10-03,2025-10-03,GBP
210400,399209,999999,2025-10-04,2025-10-09,CAD
210401,867281,320,2025-10-04,2025-10-04,EUR
210700,568610,220,2025-10-07,2025-10-07,EUR
210800,1952393,590,2025-10-08,2025-10-08,USD
210900,1305083,440,2025-10-09,2025-10-09,USD
211000,640344,180,2025-10-10,2025-10-10,EUR
211100,1908482,610,2025-10-11,2025-10-11,USD
211101,252486,999999,2025-10-11,2025-10-16,CAD
211400,355932,80,2025-10-14,2025-10-14,CAD
211500,1760816,999999,2025-10-15,2025-10-21,USD
211600,1711698,440,2025-10-16,2025-10-16,USD
211700,589722,255,2025-10-17,2025-10-17,EUR
211800,1332519,660,2025-10-18,2025-10-18,USD
211801,1764150,440,2025-10-18,2025-10-18,USD
212100,1558571,540,2025-10-21,2025-10-21,USD
212200,1561659,530,2025-10-22,2025-10-22,USD
212300,917177,370,2025-10-23,2025-10-23,GBP
212400,122366,50,2025-10-24,2025-10-24,AUD
212500,1744072,530,2025-10-25,2025-10-25,USD
212501,407500,999999,2025-10-25,2025-10-28,EUR
212800,1491187,999999,2025-10-28,2025-11-02,USD
212900,1720403,650,2025-10-29,2025-10-29,USD
213000,496427,230,2025-10-30,2025-10-30,EUR
213100,2097690,490,2025-10-31,2025-10-31,USD
213200,1595828,470,2025-11-01,2025-11-01,USD
213201,1958297,550,2025-11-01,2025-11-01,USD
213500,2078944,999999,2025-11-04,2025-11-11,USD
213600,896043,330,2025-11-05,2025-11-05,EUR
213700,240502,999999,2025-11-06,2025-11-13,CAD
213800,1913628,530,2025-11-07,2025-11-07,USD
213900,1458445,490,2025-11-08,2025-11-08,USD
213901,1508309,480,2025-11-08,2025-11-08,USD
214200,2070193,999999,2025-11-11,2025-11-15,USD
214300,938824,400,2025-11-12,2025-11-12,GBP
214400,36550,999999,2025-11-13,2025-11-18,AUD
214500,1883247,550,2025-11-14,2025-11-14,USD
214600,842391,330,2025-11-15,2025-11-15,EUR
214601,1471362,490,2025-11-15,2025-11-15,USD
214900,1908310,430,2025-11-18,2025-11-18,USD
215000,493178,270,2025-11-19,2025-11-19,EUR
215100,1301539,605,2025-11-20,2025-11-20,USD
215200,1439003,585,2025-11-21,2025-11-21,USD
215300,923316,390,2025-11-22,2025-11-22,GBP
215301,1063129,999999,2025-11-22,2025-11-28,GBP
215600,801331,310,2025-11-25,2025-11-25,EUR
215700,287737,999999,2025-11-26,2025-11-27,CAD
215800,1931743,650,2025-11-27,2025-11-27,USD
215900,1671344,999999,2025-11-28,2025-12-04,USD
216000,447063,255,2025-11-29,2025-11-29,EUR
216001,522098,255,2025-11-29,2025-11-29,EUR
216300,1149828,370,2025-12-02,2025-12-02,GBP
216400,143787,50,2025-12-03,2025-12-03,AUD
216500,1549229,670,2025-12-04,2025-12-04,USD
216600,841685,999999,2025-12-05,2025-12-09,EUR
216700,258013,90,2025-12-06,2025-12-06,CAD
216701,611405,180,2025-12-06,2025-12-06,EUR
217000,539769,230,2025-12-09,2025-12-09,EUR
217100,1476349,620,2025-12-10,2025-12-10,USD
217200,1901587,480,2025-12-11,2025-12-11,USD
217300,1024247,999999,2025-12-12,2025-12-16,GBP
217400,1787541,660,2025-12-13,2025-12-13,USD
217401,1886419,999999,2025-12-13,2025-12-21,USD
217700,398253,999999,2025-12-16,2025-12-21,CAD
217800,1230892,550,2025-12-17,2025-12-17,USD
217801,906408,360,2025-12-17,2025-12-17,GBP
217900,1368751,999999,2025-12-18,2025-12-23,USD
217901,1300830,610,2025-12-18,2025-12-18,USD
218000,569459,190,2025-12-19,2025-12-19,EUR
218100,1712147,999999,2025-12-20,2025-12-23,USD
218101,914806,380,2025-12-20,2025-12-20,GBP
218102,1534298,530,2025-12-20,2025-12-20,USD
218300,1186552,400,2025-12-22,2025-12-22,GBP
218400,1873678,570,2025-12-23,2025-12-23,USD
218500,1717221,540,2025-12-24,2025-12-24,USD
218501,1453520,999999,2025-12-24,2025-12-28,USD
218600,716679,300,2025-12-25,2025-12-25,EUR
218601,409577,999999,2025-12-25,2025-12-29,EUR
218700,344359,74,2025-12-26,2025-12-26,CAD
218800,1546619,999999,2025-12-27,2025-12-29,USD
218801,2061946,470,2025-12-27,2025-12-27,USD
218802,1773980,610,2025-12-27,2025-12-27,USD
219000,432363,999999,2025-12-29,2026-01-02,EUR
219100,1912130,605,2025-12-30,2025-12-30,USD
219200,1744060,490,2025-12-31,2025-12-31,USD
219201,1234545,620,2025-12-31,2025-12-31,USD
219300,311839,74,2026-01-01,2026-01-01,CAD
219301,1675753,550,2026-01-01,2026-01-01,USD
219400,1763325,490,2026-01-02,2026-01-02,USD
219500,1950006,450,2026-01-03,2026-01-03,USD
219501,577232,255,2026-01-03,2026-01-03,EUR
219502,115153,50,2026-01-03,2026-01-03,AUD
219700,1654294,650,2026-01-05,2026-01-05,USD
219800,1443752,605,2026-01-06,2026-01-06,USD
219901,1733977,999999,2026-01-07,2026-01-12,USD
220000,5447,999999,2026-01-08,2026-01-11,AUD
220001,1061328,380,2026-01-08,2026-01-08,GBP
220100,1951242,610,2026-01-09,2026-01-09,USD
220200,820609,320,2026-01-10,2026-01-10,EUR
220201,1978988,620,2026-01-10,2026-01-10,USD
220500,2061453,650,2026-01-13,2026-01-13,USD
220600,599445,255,2026-01-14,2026-01-14,EUR
220700,1471601,550,2026-01-15,2026-01-15,USD
220800,1797548,550,2026-01-16,2026-01-16,USD
220900,1117750,999999,2026-01-17,2026-01-21,GBP
220901,1611343,999999,2026-01-17,2026-01-20,USD
221200,891600,340,2026-01-20,2026-01-20,EUR
221300,374811,999999,2026-01-21,2026-01-25,CAD
221400,1361282,605,2026-01-22,2026-01-22,USD
221500,1726620,999999,2026-01-23,2026-01-25,USD
221600,502886,230,2026-01-24,2026-01-24,EUR
221601,1421764,999999,2026-01-24,2026-01-27,USD
221900,928880,360,2026-01-27,2026-01-27,GBP
222000,34619,40,2026-01-28,2026-01-28,AUD
222100,2060200,999999,2026-01-29,2026-02-05,USD
222200,822151,999999,2026-01-30,2026-02-02,EUR
222300,384831,90,2026-01-31,2026-01-31,CAD
222301,1404193,585,2026-01-31,2026-01-31,USD
222600,506387,240,2026-02-03,2026-02-03,EUR
222700,1800433,450,2026-02-04,2026-02-04,USD
222800,1603373,480,2026-02-05,2026-02-05,USD
222900,983957,420,2026-02-06,2026-02-06,GBP
223000,1486894,660,2026-02-07,2026-02-07,USD
223001,2076131,590,2026-02-07,2026-02-07,USD
223300,239615,999999,2026-02-10,2026-02-12,CAD
223400,1718896,550,2026-02-11,2026-02-11,USD
223401,815635,310,2026-02-11,2026-02-11,EUR
223500,1431880,999999,2026-02-12,2026-02-14,USD
223501,1641886,999999,2026-02-12,2026-02-14,USD
223600,456081,270,2026-02-13,2026-02-13,EUR
223700,2009382,610,2026-02-14,2026-02-14,USD
223701,445223,210,2026-02-14,2026-02-14,EUR
223702,153565,35,2026-02-14,2026-02-14,AUD
223703,1725034,999999,2026-02-14,2026-02-17,USD
223900,1112995,420,2026-02-16,2026-02-16,GBP
224000,1647779,999999,2026-02-17,2026-02-20,USD
224001,323657,999999,2026-02-17,2026-02-20,CAD
224100,1447920,510,2026-02-18,2026-02-18,USD
224101,333313,999999,2026-02-18,2026-02-21,CAD
224102,1177613,999999,2026-02-18,2026-02-21,GBP
224103,1950822,440,2026-02-18,2026-02-18,USD
224200,766473,290,2026-02-19,2026-02-19,EUR
224201,1884010,585,2026-02-19,2026-02-19,USD
224202,1613240,490,2026-02-19,2026-02-19,USD
224203,1029447,390,2026-02-19,2026-02-19,GBP
224300,333313,74,2026-02-20,2026-02-20,CAD
224301,1799493,480,2026-02-20,2026-02-20,USD
224302,939044,999999,2026-02-20,2026-02-27,GBP
224400,1389399,999999,2026-02-21,2026-02-23,USD
224401,1017257,420,2026-02-21,2026-02-21,GBP
224402,1845175,550,2026-02-21,2026-02-21,USD
224403,517920,999999,2026-02-21,2026-02-25,EUR
224404,500447,220,2026-02-21,2026-02-21,EUR
224600,539727,999999,2026-02-23,2026-02-28,EUR
224601,1692082,999999,2026-02-23,2026-02-25,USD
224700,1837052,570,2026-02-24,2026-02-24,USD
224701,1705216,999999,2026-02-24,2026-03-02,USD
224800,1578125,540,2026-02-25,2026-02-25,USD
224801,2071358,999999,2026-02-25,2026-03-01,USD
224802,1110067,390,2026-02-25,2026-02-25,GBP
224900,683269,160,2026-02-26,2026-02-26,EUR
224901,1680532,999999,2026-02-26,2026-02-28,USD
224902,333632,100,2026-02-26,2026-02-26,CAD
225000,1518501,480,2026-02-27,2026-02-27,USD
225001,178797,50,2026-02-27,2026-02-27,AUD
225100,2097102,480,2026-02-28,2026-02-28,USD
225101,106160,60,2026-02-28,2026-02-28,AUD
225102,1992906,450,2026-02-28,2026-02-28,USD
225400,1707559,999999,2026-03-03,2026-03-06,USD
225500,1931087,999999,2026-03-04,2026-03-06,USD
225600,400785,230,2026-03-05,2026-03-05,EUR
225700,1423920,500,2026-03-06,2026-03-06,USD
225800,1874128,480,2026-03-07,2026-03-07,USD
225801,384889,74,2026-03-07,2026-03-07,CAD
226100,1871794,620,2026-03-10,2026-03-10,USD
226200,966178,999999,2026-03-11,2026-03-14,GBP
226300,305274,90,2026-03-12,2026-03-12,CAD
226500,1919017,550,2026-03-14,2026-03-14,USD
226501,664209,130,2026-03-14,2026-03-14,EUR
227200,920574,380,2026-03-21,2026-03-21,GBP
